ChasePersonalCredit,,5/12/19,,NTB 838,Automotive Expenses,-16
ChasePersonalCredit,,6/17/19,,WIYGUL AUTOMOTIVE CLINIC,Automotive Expenses,-114.35
ChasePersonalCredit,,1/7/19,,RESTON`S USED BOOK SHOP,Books related to work,-7.42
ChasePersonalCredit,,1/15/19,,RESTON`S USED BOOK SHOP,Books related to work,-21.2
ChasePersonalCredit,,1/29/19,,AMZN Mktp US*MB3QO62R0,Books related to work,-14.53
ChasePersonalCredit,,2/4/19,,AMZN Digital*MB4CS0DA2,Books related to work,-11.99
ChasePersonalCredit,,2/4/19,,Amazon.com*MB53V1W41,Books related to work,-10.34
ChasePersonalCredit,,2/5/19,,AMZN Mktp US*MB67L9YE0,Books related to work,-20.11
ChasePersonalCredit,,2/11/19,,RESTON`S USED BOOK SHOP,Books related to work,-12.72
ChasePersonalCredit,,2/25/19,,PAYPAL *LEANPUB,Books related to work,-11.3
ChasePersonalCredit,,3/8/19,,PAYPAL *LEANPUB,Books related to work,-22.98
ChasePersonalCredit,,3/12/19,,RESTON`S USED BOOK SHOP,Books related to work,-6.89
ChasePersonalCredit,,4/12/19,,Amazon.com*MZ8QD0CP0,Books related to work,-22.3
ChasePersonalCredit,,4/29/19,,RESTON`S USED BOOK SHOP,Books related to work,-5.83
ChasePersonalCredit,,5/3/19,,Amazon.com*MZ6IL9UZ0,Books related to work,-15.9
ChasePersonalCredit,,5/3/19,,AMZN Digital*MZ5IE87P0,Books related to work,-9.99
ChasePersonalCredit,,5/5/19,,LEANPUB,Books related to work,-10
ChasePersonalCredit,,5/19/19,,AMZN Digital*MN40Q1PG0,Books related to work,-17.55
ChasePersonalCredit,,5/27/19,,AMZN Digital,Books related to work,17.55
ChasePersonalCredit,,5/28/19,KRAMERBOOKS DC Books - ToF,KRAMERBOOKS,Books related to work,-49.66
ChasePersonalCredit,,7/5/19,Logical Thinking PRocess Kindle,AMZN Digital*MH7WM1JA2,Books related to work,-4.95
ChasePersonalCredit,,7/24/19,Creativity in Coaching Angela Dunbar,AMZN Digital*MA67X9LP1,Books related to work,-6.93
ChasePersonalCredit,,7/28/19,No Limits Enterprise Kirkpatrick,Amazon.com*MH35X0YC0,Books related to work,-18.15
ChasePersonalCredit,,7/29/19,Landscapes of the Heart,AMZN Digital*MA1OU1A01,Books related to work,-13.17
ChasePersonalCredit,,9/22/19,,AMZN Digital*A57HP41L3,Books related to work,-13.99
ChasePersonalCredit,,9/22/19,,EMERSON COLLEGE TR,Books related to work,-10.05
ChasePersonalCredit,,9/22/19,2019 EUROTRIP BLACKWELL S,BLACKWELL S,Books related to work,-26.4
PaypalManual,,1/1/19,,ENTERPRISE AGILE GROUP,Business Income,250
PaypalManual,,1/1/19,,Mark Sheffield,Business Income,200
BusinessChecking,,1/3/19,,EVENTBRITE  INC.,Business Income,4050
BusinessChecking,,1/16/19,,EVENTBRITE  INC.,Business Income,1350
BusinessChecking,,2/4/19,,EVENTBRITE  INC.,Business Income,3240
BusinessChecking,,3/18/19,,EVENTBRITE  INC.,Business Income,2700
BusinessChecking,,4/2/19,,ACH deposit Eventbrite  INC. EDI PYMNTS Connections At Work x-xxx5714,Business Income,3200
BusinessChecking,,5/16/19,,ACH deposit Eventbrite  INC. EDI PYMNTS Connections At Work x-xxx7360,Business Income,1350
BusinessChecking,,5/22/19,,ACH deposit PAYPAL TRANSFER ANDREA CHIOU ...xxx0676,Business Income,850
BusinessChecking,,6/10/19,,Paypal,Business Income,300
BusinessChecking,,7/16/19,,EVENTBRITE  INC.,Business Income,1350
BusinessChecking,,9/3/19, , Paypal,Business Income,700
BusinessChecking,,9/4/19, ," EVENTBRITE, INC.",Business Income,1350
ChasePersonalCredit,,1/14/19,,BEST BUY MHT xxxx2972,Business Miscellaneous,-26.48
ChasePersonalCredit,,1/22/19,,BEST BUY MHT xxxx2972,Business Miscellaneous,26.48
BusinessSparkVisa,,1/25/19,,WordPress.com,Business Miscellaneous,-99
ChasePersonalCredit,,2/4/19,Replace Apple Pen that was lost,BEST BUY MHT xxxx2972,Business Miscellaneous,-95.39
ChasePersonalCredit,,2/7/19,,AMZN Mktp US*MB5Z607Q2,Business Miscellaneous,-4.97
ChasePersonalCredit,,3/3/19,HEADPHONES BEST BUY MHT xxxx2972,BEST BUY MHT xxxx2972,Business Miscellaneous,-190.8
ChasePersonalCredit,,4/14/19,,AMZN Mktp US*MZ08Y63Y1,Business Miscellaneous,-14.95
BusinessChecking,,4/18/19,Payment for UUChurch,#1028 Paid Check,Business Miscellaneous,-700
ChasePersonalCredit,,5/3/19,open leadership Mezick,BROWNPAPERTICKETS COM,Business Miscellaneous,-207.99
ChasePersonalCredit,,5/12/19,,TARGET xxxx0884,Business Miscellaneous,-58.5
ChasePersonalCredit,,5/12/19,,AMZN Mktp US*MN17T5ZZ0,Business Miscellaneous,-30.8
ChasePersonalCredit,,5/12/19,AMZN Mktp US*MN41O3AB1 What,AMZN Mktp US*MN41O3AB1,Business Miscellaneous,-25.56
ChasePersonalCredit,,5/12/19,TARGET xxxx0884 DRINKS reimbursed,TARGET xxxx0884,Business Miscellaneous,-40.87
ChasePersonalCredit,,5/13/19,,OFFICE DEPOT #339,Business Miscellaneous,-7.09
ChasePersonalCredit,,5/13/19,,AMZN Mktp US*MN4KN50H1,Business Miscellaneous,-14.42
ChasePersonalCredit,,5/19/19,,SQ *KICKSTAND CAFE,Business Miscellaneous,-5.55
BusinessSparkVisa,,5/20/19,,SQ *KICKSTAND CAFE,Business Miscellaneous,-793.32
BusinessSparkVisa,,5/20/19,,TST* COOK - NEEDHAM,Business Miscellaneous,-71.13
BusinessSparkVisa,,6/3/19,Boston gift card Jane,Whole Foods Market,Business Miscellaneous,-100
BusinessChecking,,6/18/19,Payment to Apricot Island Marian Caitlin,TRANSFERWISE INC,Business Miscellaneous,-8650.04
ChasePersonalCredit,,7/28/19,stamps ,USPS PO xxxxxx0190,Business Miscellaneous,-11
ChasePersonalCredit,,7/30/19,,TEMI COTRANSCRIPTION,Business Miscellaneous,-2.5
ChasePersonalCredit,,7/31/19,,TEMI COTRANSCRIPTION,Business Miscellaneous,-2.9
ChasePersonalCredit,,8/4/19,,LYFT *LOST AND FOUND,Business Miscellaneous,-15
ChasePersonalCredit,,8/5/19,LYFT *RIDE SAT 7PM Caitlin,LYFT *RIDE SAT 7PM,Business Miscellaneous,-8.54
ChasePersonalCredit,,8/6/19,BEST BUY MHT xxxx2972 ADAPTER CLICKER,BEST BUY MHT xxxx2972,Business Miscellaneous,-18.01
ChasePersonalCredit,,8/8/19,GAYLORD NTL CVPS PKG Agile Conf,GAYLORD NTL CVPS PKG,Business Miscellaneous,-30
ChasePersonalCredit,,8/9/19,good bye to Caitlin,IAD DULLES HOURLY 56,Business Miscellaneous,-12
ChasePersonalCredit,,8/11/19,,BEST BUY MHT xxxx2972,Business Miscellaneous,18.01
ChasePersonalCredit,,8/20/19,AMZN Mktp US*MO51Z8LW1 - Cable USBC to pho,AMZN Mktp US*MO51Z8LW1,Business Miscellaneous,-22.87
ChasePersonalCredit,,8/22/19,,TEMI COTRANSCRIPTION,Business Miscellaneous,-4.6
ChasePersonalCredit,,8/25/19,,TEMI COTRANSCRIPTION,Business Miscellaneous,-3
ChasePersonalCredit,,8/25/19,,REI #84 FAIRFAX,Business Miscellaneous,137.8
ChasePersonalCredit,,8/27/19,,SP * TENABLESHOP,Business Miscellaneous,-72.67
ChasePersonalCredit,,9/3/19,CARDSTOCK FEDEX OFFICxxxxxxx5137,FEDEX OFFICxxxxxxx5137,Business Miscellaneous,-5.5
ChasePersonalCredit,,10/3/19,,BEST BUY MHT xxxx2972,Business Miscellaneous,-339.18
ChasePersonalCredit,,10/4/19,,BEST BUY MHT xxxx2972,Business Miscellaneous,339.18
ChasePersonalCredit,,10/9/19,,USPS PO xxxxxx0190,Business Miscellaneous,-15.49
ChasePersonalCredit,,10/14/19,KICKSTARTER.COM Failure Toy,KICKSTARTER.COM,Business Miscellaneous,-236.95
ChasePersonalCredit,,1/3/19,,COMCAST,Cable/Satellite Services,-59.98
ChasePersonalCredit,,2/1/19,,COMCAST,Cable/Satellite Services,-39.99
ChasePersonalCredit,,3/3/19,,COMCAST,Cable/Satellite Services,-39.99
ChasePersonalCredit,,4/3/19,,COMCAST,Cable/Satellite Services,-63.61
ChasePersonalCredit,,5/3/19,,COMCAST,Cable/Satellite Services,-53.77
ChasePersonalCredit,,6/3/19,,COMCAST,Cable/Satellite Services,-53.77
ChasePersonalCredit,,7/3/19,,COMCAST,Cable/Satellite Services,-53.77
ChasePersonalCredit,,8/4/19,,COMCAST,Cable/Satellite Services,-53.77
ChasePersonalCredit,,9/3/19,,COMCAST,Cable/Satellite Services,-53.77
ChasePersonalCredit,,10/3/19,,COMCAST,Cable/Satellite Services,-53.77
ChasePersonalCredit,,1/1/19,,VILLAGE HEALTH WORKS,Charitable Giving,-103
ChasePersonalCredit,,1/1/19,,BB *CORNERSTONES,Charitable Giving,-100
PersonalChecking,,3/11/19,Loan,Christie Gift-Loan Transfer,Christie - Assistance,-2000
PersonalChecking,,4/4/19,Loan,USAA FUNDS TRANSFER DB,Christie - Assistance,-1000
PersonalChecking,,4/24/19,,USAA FUNDS TRANSFER DB,Christie - Assistance,-100
PersonalChecking,,4/29/19,Loan,USAA FUNDS TRANSFER DB,Christie - Assistance,-700
JointChecking,,8/9/19,Loan, USAA FUNDS TRANSFER DB~~03045~~~~74514~~0~~2151561747~~0302,Christie - Assistance,-3200
PersonalChecking,,10/3/19,Specifically paid for her car and health ins,USAA FUNDS TRANSFER DB,Christie - Assistance,-1500
BusinessSparkVisa,,10/8/19,surgery related Dallas stay,Airbnb,Christie - Assistance,-422.1
ChasePersonalCredit,,10/13/19,flight to Dallas,SOUTHWES xxxxxxxxx5275,Christie - Assistance,-229.95
ChasePersonalCredit,,10/13/19,flight to Dallas,SOUTHWES xxxxxxxxx5274,Christie - Assistance,-229.95
PersonalChecking,,10/15/19,PAY Christies TAX accountant,USAA FUNDS TRANSFER DB,Christie - Assistance,-762
PersonalChecking,,10/22/19,Loan Paid Christie's FED TAX 2019 ,CHECK # 0000001091,Christie - Assistance,-7185
PersonalChecking,,10/25/19,Loan CHECK # 0000001090 State VA 2018 TAX CBC,CHECK # 0000001090,Christie - Assistance,-1103
JointChecking,,10/28/19,loan - she paid to change a flight on our joint card, UNITED      0161543748642800-932-2732 TX~~08888~~459954******4846~~02480~~0~~~~0079,Christie - Assistance,-200
ChasePersonalCredit,,10/30/19,loan - surgery ,DPSI-COSMETIC,Christie - Assistance,-4800
ChasePersonalCredit,,10/30/19,loan - surgery,DALLAS DAY SURG TX N,Christie - Assistance,-1110
BusinessSparkVisa,,10/31/19,surgery related Dallas stay,Airbnb,Christie - Assistance,-422.09
ChasePersonalCredit,,1/21/19,,FRANCESCA'S B244,Clothing/Shoes,-35.62
ChasePersonalCredit,,1/22/19,,CHICO'S #0141,Clothing/Shoes,-21.14
ChasePersonalCredit,,1/23/19,,FRANCESCA'S B244,Clothing/Shoes,35.62
ChasePersonalCredit,,2/4/19,,TALBOTS #0168,Clothing/Shoes,-110.24
ChasePersonalCredit,,2/24/19,MODELL'S #81 socks,MODELL'S #81,Clothing/Shoes,-15.89
ChasePersonalCredit,,5/5/19,SQ *ALEXANDRIA & COMPANY JEWELRY FIX,SQ *ALEXANDRIA &amp; COMPANY,Clothing/Shoes,-75.22
ChasePersonalCredit,,5/13/19,ANTHROPOLOGIE #517 Wedding Fare,ANTHROPOLOGIE #517,Clothing/Shoes,-169.6
ChasePersonalCredit,,6/16/19,socks w alpaca,SQ *PLATINUM ALPACAS GOSQ,Clothing/Shoes,-12.72
ChasePersonalCredit,,6/16/19,,NORDSTROM #0600,Clothing/Shoes,-173.79
ChasePersonalCredit,,6/16/19,AFRICAn necklace ,SQ *GLOBAL CAMPS AFRICA,Clothing/Shoes,-25
ChasePersonalCredit,,6/16/19,ALPACA shawl triangle,SQ *PLATINUM ALPACAS GOSQ,Clothing/Shoes,-53
ChasePersonalCredit,,6/23/19,,MONTAGUE &amp; SON BIRKENSTK,Clothing/Shoes,-127.2
ChasePersonalCredit,,6/23/19,earrings,SQ *ARCHEOLOGICO GOSQ.COM,Clothing/Shoes,-53
ChasePersonalCredit,,6/24/19,NORDSTROM Spanx,NORDSTROM #0600,Clothing/Shoes,-29.68
ChasePersonalCredit,,6/24/19,,NORDSTROM #0600,Clothing/Shoes,121.85
ChasePersonalCredit,,7/5/19,,MONTAGUE &amp; SON BIRKENSTK,Clothing/Shoes,127.2
ChasePersonalCredit,,7/7/19,mother of pearl ring ,SQ *ARTS OF ASIA/ RICH BL,Clothing/Shoes,-38.16
ChasePersonalCredit,,8/16/19,,REI.COM,Clothing/Shoes,-129.71
ChasePersonalCredit,,8/18/19,,VIBRAM COMMERCE,Clothing/Shoes,-175
ChasePersonalCredit,,8/21/19,SCOUT & MOLLYS - 553 Two Pants and Top,SCOUT &amp; MOLLYS - 553,Clothing/Shoes,-274.81
ChasePersonalCredit,,8/25/19,,TROUSSEAU,Clothing/Shoes,-195.04
ChasePersonalCredit,,8/26/19,KNITS ETC - Half Cashmere mittens,KNITS ETC,Clothing/Shoes,-20.02
ChasePersonalCredit,,8/26/19,,SCOUT &amp; MOLLYS - 553,Clothing/Shoes,80.19
ChasePersonalCredit,,9/1/19,,BANANAREPUBLIC US 8185,Clothing/Shoes,-28.61
PersonalChecking,,9/16/19,NEW LOOK 1601 LONDON 2 long sleeve shirts,NEW LOOK 1601            LONDON,Clothing/Shoes,-15.17
ChasePersonalCredit,,9/29/19,Jewelry ARTS OF ASIA RICH BL,SQ *ARTS OF ASIA/ RICH BL,Clothing/Shoes,-115.54
ChasePersonalCredit,,10/6/19,,SQ *ARTS OF ASIA/ RICH BL,Clothing/Shoes,-61.48
ChasePersonalCredit,,10/18/19,,VIBRAM COMMERCE,Clothing/Shoes,175
ChasePersonalCredit,,4/10/19,AGILE COACH CAMP W,EB AGILE COACH CAMP W,Conference,-128.93
ChasePersonalCredit,,1/14/19,,AUTOMATIC PAYMENT - THANK,Credit Card Payments,5599.41
PersonalChecking,,1/15/19,,CHASE CREDIT CRD AUTOPAY    ***********2072,Credit Card Payments,-5599.41
BusinessSparkVisa,,1/21/19,,CAPITAL ONE AUTOPAY PYMT AuthDate 27-D ec,Credit Card Payments,19.99
BusinessChecking,,1/22/19,,CAPITAL ONE,Credit Card Payments,-19.99
ChasePersonalCredit,,2/14/19,,AUTOMATIC PAYMENT - THANK,Credit Card Payments,2738.37
PersonalChecking,,2/15/19,,CHASE CREDIT CRD AUTOPAY    ***********4090,Credit Card Payments,-2738.37
BusinessChecking,,2/21/19,,CAPITAL ONE,Credit Card Payments,-139.87
BusinessSparkVisa,,2/21/19,,CAPITAL ONE AUTOPAY PYMT AuthDate 27-J an,Credit Card Payments,139.87
ChasePersonalCredit,,3/14/19,,AUTOMATIC PAYMENT - THANK,Credit Card Payments,2698.07
PersonalChecking,,3/15/19,,CHASE CREDIT CRD AUTOPAY    ***********4715,Credit Card Payments,-2698.07
BusinessChecking,,3/21/19,,CAPITAL ONE,Credit Card Payments,-14.1
ChasePersonalCredit,,4/14/19,,AUTOMATIC PAYMENT - THANK,Credit Card Payments,3562.65
PersonalChecking,,4/15/19,,CHASE CREDIT CRD AUTOPAY    ***********5514,Credit Card Payments,-3562.65
BusinessChecking,,4/22/19,,ACH Withdrawal CAPITAL ONE CRCARDPMT ANDREA ...4223,Credit Card Payments,-5
BusinessSparkVisa,,4/22/19,,CAPITAL ONE AUTOPAY PYMT AuthDate 27-M ar,Credit Card Payments,5
ChasePersonalCredit,,5/14/19,,AUTOMATIC PAYMENT - THANK,Credit Card Payments,2268.03
PersonalChecking,,5/15/19,,CHASE CREDIT CRD AUTOPAY    ***********7831,Credit Card Payments,-2268.03
BusinessChecking,,5/21/19,,ACH Withdrawal CAPITAL ONE CRCARDPMT ANDREA ...0637,Credit Card Payments,-129.5
BusinessSparkVisa,,5/21/19,,CAPITAL ONE AUTOPAY PYMT AuthDate 27-A pr,Credit Card Payments,129.5
ChasePersonalCredit,,6/14/19,,AUTOMATIC PAYMENT - THANK,Credit Card Payments,2307.02
PersonalChecking,,6/17/19,,CHASE CREDIT CRD AUTOPAY    ***********5572,Credit Card Payments,-2307.02
BusinessChecking,,6/21/19,,CAPITAL ONE,Credit Card Payments,-913.6
BusinessSparkVisa,,6/21/19,,CAPITAL ONE AUTOPAY PYMT AuthDate 27-M ay,Credit Card Payments,913.6
ChasePersonalCredit,,7/14/19,,AUTOMATIC PAYMENT - THANK,Credit Card Payments,1734.91
PersonalChecking,,7/15/19,,CHASE CREDIT CRD AUTOPAY    ***********2483,Credit Card Payments,-1734.91
BusinessChecking,,7/22/19,,CAPITAL ONE,Credit Card Payments,-340.12
BusinessSparkVisa,,7/22/19,,CAPITAL ONE AUTOPAY PYMT AuthDate 27-J un,Credit Card Payments,340.12
ChasePersonalCredit,,8/14/19,,AUTOMATIC PAYMENT - THANK,Credit Card Payments,2838.9
PersonalChecking,,8/15/19,,CHASE CREDIT CRD AUTOPAY    ***********3150,Credit Card Payments,-2838.9
ChasePersonalCredit,,8/18/19,,Payment Thank You Special,Credit Card Payments,610.15
PersonalChecking,,8/19/19,,CHASE CREDIT CRD EPAY       ***********4734,Credit Card Payments,-610.15
BusinessChecking,,8/21/19, ,CAPITAL ONE,Credit Card Payments,-20.99
BusinessSparkVisa,,8/21/19, ,CAPITAL ONE AUTOPAY PYMT AuthDate 26-J ul,Credit Card Payments,20.99
ChasePersonalCredit,,9/13/19,,AUTOMATIC PAYMENT - THANK,Credit Card Payments,4654.46
PersonalChecking,,9/16/19,,CHASE CREDIT CRD AUTOPAY    ***********7251,Credit Card Payments,-4654.46
BusinessSparkVisa,,9/21/19, , CAPITAL ONE AUTOPAY PYMT AuthDate 26-A ug,Credit Card Payments,244.83
BusinessChecking,,9/23/19, , CAPITAL ONE,Credit Card Payments,-244.83
ChasePersonalCredit,,10/14/19,,AUTOMATIC PAYMENT - THANK,Credit Card Payments,3362.23
PersonalChecking,,10/15/19,,CHASE CREDIT CRD AUTOPAY    ***********7822,Credit Card Payments,-3362.23
BusinessChecking,,10/21/19,,CAPITAL ONE,Credit Card Payments,-20.99
BusinessSparkVisa,,10/21/19,,CAPITAL ONE AUTOPAY PYMT AuthDate 26-S ep,Credit Card Payments,20.99
ChasePersonalCredit,,3/28/19,,PEETS#x4206,Dining,-2.7
ChasePersonalCredit,,5/20/19,,PASHA TURKISH CUISINE,Dining,-26.75
ChasePersonalCredit,,8/6/19,lunch with Portia Tung,SEQUOIA DC,Dining,-82.75
ChasePersonalCredit,,8/8/19,,GAYLORD NATIONAL F&amp;B,Dining,-11.66
BusinessSparkVisa,,1/22/19,,Squarespace,Dues and Subscriptions,-5
ChasePersonalCredit,,1/22/19,,NEW YORK TIMES DIGITAL,Dues and Subscriptions,-27
ChasePersonalCredit,,1/30/19,,WETA TV &amp; FM,Dues and Subscriptions,-5
ChasePersonalCredit,,2/21/19,,NEW YORK TIMES DIGITAL,Dues and Subscriptions,-27
BusinessSparkVisa,,2/22/19,,Squarespace,Dues and Subscriptions,-5
ChasePersonalCredit,,3/1/19,,WETA TV &amp; FM,Dues and Subscriptions,-5
ChasePersonalCredit,,3/24/19,,NEW YORK TIMES DIGITAL,Dues and Subscriptions,-27
ChasePersonalCredit,,4/1/19,,WETA TV &amp; FM,Dues and Subscriptions,-5
BusinessSparkVisa,,4/22/19,,Squarespace,Dues and Subscriptions,-6
ChasePersonalCredit,,5/1/19,,WETA TV &amp; FM,Dues and Subscriptions,-5
ChasePersonalCredit,,5/20/19,,NEW YORK TIMES DIGITAL,Dues and Subscriptions,-12.3
BusinessSparkVisa,,5/22/19,,Squarespace,Dues and Subscriptions,-6
ChasePersonalCredit,,6/2/19,,WETA TV &amp; FM,Dues and Subscriptions,-5
ChasePersonalCredit,,6/17/19,,NEW YORK TIMES DIGITAL,Dues and Subscriptions,-12.5
BusinessChecking,,6/19/19,,Squarespace,Dues and Subscriptions,-216
BusinessSparkVisa,,6/22/19,,Squarespace,Dues and Subscriptions,-6
ChasePersonalCredit,,7/1/19,,WETA TV &amp; FM,Dues and Subscriptions,-5
ChasePersonalCredit,,7/15/19,,NEW YORK TIMES DIGITAL,Dues and Subscriptions,-12.5
BusinessSparkVisa,,7/22/19,,Squarespace,Dues and Subscriptions,-6
ChasePersonalCredit,,8/1/19,,WETA TV &amp; FM,Dues and Subscriptions,-5
ChasePersonalCredit,,8/12/19,,NEW YORK TIMES DIGITAL,Dues and Subscriptions,-12.5
BusinessSparkVisa,,8/22/19, ,Squarespace,Dues and Subscriptions,-6
ChasePersonalCredit,,9/1/19,,WETA TV &amp; FM,Dues and Subscriptions,-5
ChasePersonalCredit,,9/9/19,,NEW YORK TIMES DIGITAL,Dues and Subscriptions,-12.5
BusinessSparkVisa,,9/23/19, , Squarespace,Dues and Subscriptions,-6
ChasePersonalCredit,,10/1/19,,WETA TV &amp; FM,Dues and Subscriptions,-5
ChasePersonalCredit,,10/7/19,,NEW YORK TIMES DIGITAL,Dues and Subscriptions,-12.5
ChasePersonalCredit,,1/27/19,Movie on the basis of sex with Chaiya,RESTON TOWN CENTER &amp; BTX,Entertainment,-26.5
ChasePersonalCredit,,5/26/19,,CAPITAL BIKE SHARE,Entertainment,-4
ChasePersonalCredit,,5/27/19,,CAPITAL BIKE SHARE,Entertainment,-4
ChasePersonalCredit,,5/28/19,CAPITAL BIKE SHARE - herndon ToF,CAPITAL BIKE SHARE,Entertainment,-4
ChasePersonalCredit,,5/29/19,CAPITAL BIKE SHARE Herndon ToF,CAPITAL BIKE SHARE,Entertainment,-4
ChasePersonalCredit,,6/9/19,Tops and spinners from Colvin Run,GWMP-GREAT FALLS PARK,Entertainment,-15
ChasePersonalCredit,,8/11/19,The Farewell Movie with Katie Jay,RESTON TOWN CENTER &amp; BTX,Entertainment,-12
ChasePersonalCredit,,10/6/19,,REFUGE INN &amp; BIKE DEPOT,Entertainment,-144.69
ChasePersonalCredit,,10/29/19,,REFUGE INN &amp; BIKE DEPOT,Entertainment,-144.69
ChasePersonalCredit,,1/10/19,,UNITED xxxxxxxxx1688,Expense Reimbursement,-10
ChasePersonalCredit,,1/10/19,,UNITED xxxxxxxxx0911,Expense Reimbursement,-210.6
ChasePersonalCredit,,1/10/19,,UNITED xxxxxxxxx1687,Expense Reimbursement,-10
ChasePersonalCredit,,1/18/19,Weinberg and Johanna Rothman,LEANPUB,Expense Reimbursement,-19.99
ChasePersonalCredit,,1/28/19,copies of the Clean Interviewing,FEDEXOFFICE xxxx5137,Expense Reimbursement,-16.5
ChasePersonalCredit,,2/3/19,,LIVE! HOTEL,Expense Reimbursement,-333.28
ChasePersonalCredit,,2/18/19,,UNITED xxxxxxxxx8896,Expense Reimbursement,-11.2
ChasePersonalCredit,,2/25/19,,SQ *THE CHEESE COURSE,Expense Reimbursement,-14.01
ChasePersonalCredit,,2/25/19,,LYFT *RIDE SUN 5AM,Expense Reimbursement,-15.14
ChasePersonalCredit,,2/25/19,,LYFT *RIDE SUN 11AM,Expense Reimbursement,-17.6
ChasePersonalCredit,,2/25/19,,SQ *THE CHEESE COURSE,Expense Reimbursement,-14.01
ChasePersonalCredit,,2/27/19,,COURTYARD BY MARRIOTT-,Expense Reimbursement,-176.28
ChasePersonalCredit,,3/1/19,,LYFT *RIDE THU 6AM,Expense Reimbursement,-18.24
ChasePersonalCredit,,3/1/19,,LYFT *RIDE THU 11AM,Expense Reimbursement,-19.9
ChasePersonalCredit,,3/1/19,,INK BY HUDSON ST 1649,Expense Reimbursement,-44.89
ChasePersonalCredit,,3/3/19,,COURTYARD BY MARRIOTT-,Expense Reimbursement,-839.01
ChasePersonalCredit,,3/10/19,,UNITED xxxxxxxxx1521,Expense Reimbursement,-570.97
ChasePersonalCredit,,3/10/19,,CARLSON WAG xxxxxxxxx1521,Expense Reimbursement,-15
PersonalChecking,,3/19/19,,TENABLE NETWORK  DIRECT-PAY ***********4921,Expense Reimbursement,1001.44
ChasePersonalCredit,,3/19/19,,LYFT *RIDE MON 6AM,Expense Reimbursement,-16.83
ChasePersonalCredit,,3/19/19,,TRADER JOE'S #251 QPS,Expense Reimbursement,-12.92
ChasePersonalCredit,,3/20/19,,LYFT *RIDE MON 11AM,Expense Reimbursement,-13.12
ChasePersonalCredit,,3/21/19,,LYFT *RIDE TUE 8AM,Expense Reimbursement,-6
ChasePersonalCredit,,3/22/19,,LYFT *RIDE WED 4PM,Expense Reimbursement,-8.49
ChasePersonalCredit,,3/22/19,,LYFT *RIDE THU 4PM,Expense Reimbursement,-6.87
ChasePersonalCredit,,3/24/19,,FOUR POINTS HOTEL,Expense Reimbursement,-912.05
ChasePersonalCredit,,3/24/19,,FOUR POINTS HOTEL,Expense Reimbursement,-22.85
ChasePersonalCredit,,3/24/19,,LYFT *RIDE SAT 7AM,Expense Reimbursement,-24.07
ChasePersonalCredit,,3/25/19,,LYFT *RIDE SAT 7PM,Expense Reimbursement,-15.47
PersonalChecking,,4/9/19,,TENABLE NETWORK  DIRECT-PAY ***********5780,Expense Reimbursement,1632.58
ChasePersonalCredit,,7/22/19,,UNITED xxxxxxxxx1070,Expense Reimbursement,-606.32
ChasePersonalCredit,,7/22/19,,CARLSON WAG xxxxxxxxx1070,Expense Reimbursement,-7
ChasePersonalCredit,,7/22/19,,CARLSON WAG xxxxxxxxx0680,Expense Reimbursement,-3
PersonalChecking,,8/12/19,,CHECK # 0000001086,Expense Reimbursement,-1500
PersonalChecking,,8/27/19,,TENABLE NETWORK  DIRECT-PAY ***********3484,Expense Reimbursement,1956.93
ChasePersonalCredit,,9/3/19,TENABLE TRAVEL LYFT *RIDE MON 7PM,LYFT *RIDE MON 7PM,Expense Reimbursement,-19.29
PersonalChecking,,9/4/19,,TENABLE NETWORK  DIRECT-PAY ***********5255,Expense Reimbursement,606.33
ChasePersonalCredit,,9/4/19,TENABLE TRAVEL ELY CHQ KERSTIN RESTAURANT,ELY CHQ,Expense Reimbursement,-37.33
ChasePersonalCredit,,9/4/19,TENABLE TRAVEL STARBUCKS C7 IAD,STARBUCKS C7 IAD,Expense Reimbursement,-3.39
PersonalChecking,,10/7/19,,TENABLE NETWORK  DIRECT-PAY ***********2819,Expense Reimbursement,835.23
ChasePersonalCredit,,10/15/19,,INTL SPY MUSEUM MUSEUM,Expense Reimbursement,-97.31
PersonalChecking,,10/28/19,,TENABLE NETWORK  DIRECT-PAY ***********9498,Expense Reimbursement,572.21
ChasePersonalCredit,,1/3/19,,EXXONMOBIL xxxx9563,Gasoline/Fuel,-27.49
ChasePersonalCredit,,2/5/19,,EXXONMOBIL xxxx9563,Gasoline/Fuel,-25.91
ChasePersonalCredit,,3/5/19,,EXXONMOBIL xxxx1969,Gasoline/Fuel,-27.79
ChasePersonalCredit,,4/22/19,,EXXONMOBIL xxxx6676,Gasoline/Fuel,-33.16
ChasePersonalCredit,,4/29/19,Royal Malla,ROYAL MALLA LLC,Gasoline/Fuel,-33.27
ChasePersonalCredit,,5/13/19,,SUNOCO xxxxxx9901,Gasoline/Fuel,-16.79
BusinessSparkVisa,,5/14/19,,Sunoco Gas,Gasoline/Fuel,-28.16
ChasePersonalCredit,,5/19/19,,SHELL OIL xxxxxxx0803,Gasoline/Fuel,-34.33
ChasePersonalCredit,,5/21/19,,EXXONMOBIL xxxx3545,Gasoline/Fuel,-22.41
ChasePersonalCredit,,5/28/19,,EXXONMOBIL xxxx9563,Gasoline/Fuel,-36.83
ChasePersonalCredit,,6/24/19,,EXXONMOBIL xxxx1969,Gasoline/Fuel,-31.04
ChasePersonalCredit,,7/8/19,,SUNOCO xxxxxx2100,Gasoline/Fuel,-15.67
ChasePersonalCredit,,8/4/19,,EXXONMOBIL xxxx1969,Gasoline/Fuel,-32.63
ChasePersonalCredit,,8/25/19,,SUNOCO xxxxxx0400,Gasoline/Fuel,-33.36
ChasePersonalCredit,,10/8/19,,EXXONMOBIL xxxx9563,Gasoline/Fuel,-32.82
ChasePersonalCredit,,10/27/19,,SUNOCO xxxxxx0400,Gasoline/Fuel,-22.66
ChasePersonalCredit,,1/22/19,,BED BATH &amp; BEYOND #651,General Merchandise,-286.57
ChasePersonalCredit,,1/31/19,Shampoo Containers,CONTAINERSTORERESTONVA,General Merchandise,-2.94
ChasePersonalCredit,,2/4/19,,AMZN Digital*MB3B57WZ0,General Merchandise,-2.99
ChasePersonalCredit,,2/12/19,,CONTAINERSTORERESTONVA,General Merchandise,-8.1
ChasePersonalCredit,,2/13/19,,AMZN Digital*MB1479YN2,General Merchandise,-9.99
ChasePersonalCredit,,2/18/19,,CONTAINERSTORERESTONVA,General Merchandise,-22.25
ChasePersonalCredit,,5/5/19,,Amazon.com*MZ6MN0942,General Merchandise,-14.34
ChasePersonalCredit,,6/23/19,SQ *ELDEN STREET TEA SHOP mug,SQ *ELDEN STREET TEA SHOP,General Merchandise,-43.88
ChasePersonalCredit,,7/7/19,,SQ *KNUEVEN SOAP LLC,General Merchandise,-7.42
ChasePersonalCredit,,7/7/19,Cafetto Tea Boiler cleaner,AMZN Mktp US*MH14H0J32,General Merchandise,-9.49
ChasePersonalCredit,,7/23/19,,AMZN Mktp US,General Merchandise,34.99
ChasePersonalCredit,,7/29/19,THE HOME DEPOT 4641 wall screw for keys,THE HOME DEPOT 4641,General Merchandise,-1.25
ChasePersonalCredit,,8/15/19,,PAYPAL *EBAY INC,General Merchandise,-0.21
ChasePersonalCredit,,9/3/19,2019 EUROPTRIP PILL BAGS CONTAINERSTORE,CONTAINERSTORERESTONVA,General Merchandise,-8.01
ChasePersonalCredit,,10/13/19,,Amazon.com*VD4MC3EF3,General Merchandise,-98.21
ChasePersonalCredit,,10/27/19,CONTAINERSTORERESTONVA storage containers,CONTAINERSTORERESTONVA,General Merchandise,-29.65
ChasePersonalCredit,,4/26/19,gift for Erics firefighting graduation,AMZN Mktp US*MZ1033BH0,Gifts,-81.78
PersonalChecking,,5/24/19,Gift for Noah's Wedding,CHECK # 0000001081,Gifts,-150
ChasePersonalCredit,,5/27/19,Noah Alissa Gift ,BED BATH &amp; BEYOND #651,Gifts,-70.75
ChasePersonalCredit,,6/3/19,,FCPA COLVIN RUN,Gifts,-20.52
ChasePersonalCredit,,7/1/19,BLOSSOM pendant for Christie,BLOSSOM,Gifts,-70.46
ChasePersonalCredit,,8/22/19,,PAYPAL *OBPOTTERY,Gifts,-135.95
ChasePersonalCredit,,9/1/19,,SOUTH MOON UNDER 6 RST,Gifts,-94.34
ChasePersonalCredit,,9/1/19,,SQ *GEORGETOWN SOAPS,Gifts,-100.7
ChasePersonalCredit,,9/2/19,2019 EUROTRIP PAPER SOURCE INC RESTO,PAPER SOURCE INC RESTO,Gifts,-8.93
ChasePersonalCredit,,9/2/19,,SOUTH MOON UNDER 6 RST,Gifts,94.34
ChasePersonalCredit,,1/2/19,,HARRIS TEETER 0081,Groceries,-33.67
ChasePersonalCredit,,1/7/19,,HARRIS TEETER 0081,Groceries,-51.16
ChasePersonalCredit,,1/8/19,,WHOLEFDS RES x0061,Groceries,-9.67
ChasePersonalCredit,,1/10/19,,HARRIS TEETER 0081,Groceries,-45.65
ChasePersonalCredit,,1/14/19,,HARRIS TEETER 0081,Groceries,-19.13
ChasePersonalCredit,,1/18/19,,HARRIS TEETER 0081,Groceries,-120.26
ChasePersonalCredit,,1/20/19,,TRADER JOE'S #646 QPS,Groceries,-7.98
ChasePersonalCredit,,1/28/19,,TRADER JOE'S #646 QPS,Groceries,-19.43
ChasePersonalCredit,,1/29/19,,AMZN Mktp US*MB9SP95B2,Groceries,-13.5
ChasePersonalCredit,,1/29/19,,MOMS ORGANIC HERNDON,Groceries,-6.35
ChasePersonalCredit,,1/29/19,,HARRIS TEETER 0081,Groceries,-70.91
ChasePersonalCredit,,2/5/19,,HARRIS TEETER 0081,Groceries,-54.78
ChasePersonalCredit,,2/10/19,,HARRIS TEETER 0081,Groceries,-33.08
ChasePersonalCredit,,2/13/19,,HARRIS TEETER 0081,Groceries,-17.4
ChasePersonalCredit,,2/18/19,,HARRIS TEETER 0081,Groceries,-80.69
ChasePersonalCredit,,2/24/19,,HARRIS TEETER 0081,Groceries,-28.41
ChasePersonalCredit,,3/3/19,,HARRIS TEETER 0081,Groceries,-54.91
ChasePersonalCredit,,3/6/19,,HARRIS TEETER 0081,Groceries,-48.74
ChasePersonalCredit,,3/10/19,,HARRIS TEETER 0081,Groceries,-31.64
ChasePersonalCredit,,3/14/19,,HARRIS TEETER 0081,Groceries,-46.66
ChasePersonalCredit,,3/18/19,,WHOLEFDS RES x0061,Groceries,-39.88
ChasePersonalCredit,,3/20/19,,HEALTHY GOURMET,Groceries,-6.39
ChasePersonalCredit,,3/24/19,,TRADER JOE'S #033 QPS,Groceries,-38.59
ChasePersonalCredit,,3/26/19,,HARRIS TEETER 0081,Groceries,-79.16
ChasePersonalCredit,,4/1/19,,HARRIS TEETER 0081,Groceries,-50.76
ChasePersonalCredit,,4/2/19,,MOMS ORGANIC HERNDON,Groceries,-11.25
ChasePersonalCredit,,4/4/19,,HARRIS TEETER 0081,Groceries,-63.4
ChasePersonalCredit,,4/5/19,,Amazon.com*MW8CY8IL1,Groceries,-11.04
ChasePersonalCredit,,4/9/19,,HARRIS TEETER 0081,Groceries,-48.66
ChasePersonalCredit,,4/12/19,,HARRIS TEETER 0081,Groceries,-23.04
ChasePersonalCredit,,4/14/19,,TRADER JOE'S #646 QPS,Groceries,-29.35
ChasePersonalCredit,,4/15/19,,MOMS ORGANIC HERNDON,Groceries,-19.33
ChasePersonalCredit,,4/18/19,,HARRIS TEETER 0081,Groceries,-24.24
ChasePersonalCredit,,4/19/19,,TRADER JOE'S #646 QPS,Groceries,-62.51
ChasePersonalCredit,,4/21/19,,HARRIS TEETER 0081,Groceries,-77.63
ChasePersonalCredit,,4/26/19,,HARRIS TEETER 0081,Groceries,-44.78
ChasePersonalCredit,,4/26/19,,TRADER JOE'S #646 QPS,Groceries,-19.71
ChasePersonalCredit,,4/28/19,,SQ *FRESH CRUNCH PICKLES,Groceries,-20
ChasePersonalCredit,,5/1/19,,HARRIS TEETER 0081,Groceries,-34.05	
ChasePersonalCredit,,5/3/19,,TRADER JOE'S #646 QPS,Groceries,-45.72
ChasePersonalCredit,,5/5/19,,HARRIS TEETER 0081,Groceries,-9.4
ChasePersonalCredit,,5/5/19,,HARRIS TEETER 0081,Groceries,-13.11
ChasePersonalCredit,,5/5/19,,SQ *DORA BELTRAN,Groceries,-5
ChasePersonalCredit,,5/5/19,,SQ *POTOMAC VEGETABLE FAR,Groceries,-16.4
ChasePersonalCredit,,5/5/19,SQ *CINDY SHAFER - picked veggies,SQ *CINDY SHAFER,Groceries,-40
ChasePersonalCredit,,5/5/19,,SQ *FRESH CRUNCH PICKLES,Groceries,-14
ChasePersonalCredit,,5/10/19,,HARRIS TEETER 0081,Groceries,-3.58
ChasePersonalCredit,,5/12/19,,HARRIS TEETER 0081,Groceries,-25.58
ChasePersonalCredit,,5/16/19,,SQ *FRESH CRUNCH PICKLES,Groceries,-5
ChasePersonalCredit,,5/16/19,,SQ *REID'S ORCHARD,Groceries,-24.8
ChasePersonalCredit,,5/21/19,,HARRIS TEETER 0081,Groceries,-60.73
ChasePersonalCredit,,5/24/19,,HARRIS TEETER 0081,Groceries,-125.11
ChasePersonalCredit,,5/26/19,,SQ *VALENTINE'S BAKERY &amp;,Groceries,-13.63
ChasePersonalCredit,,5/26/19,,HARRIS TEETER 0081,Groceries,-61.11
ChasePersonalCredit,,5/26/19,,SQ *GLASCOCK'S PRODUCE  L,Groceries,-5
ChasePersonalCredit,,6/2/19,,HARRIS TEETER 0081,Groceries,-10.75
ChasePersonalCredit,,6/2/19,,SQ *WANDA CATLETT GOSQ.CO,Groceries,-5.12
ChasePersonalCredit,,6/2/19,,SQ *SHENANDOAH SEASONAL,Groceries,-5.5
ChasePersonalCredit,,6/2/19,,TOIGO ORCHARDS,Groceries,-11.5
ChasePersonalCredit,,6/2/19,,SAFEWAY #0005,Groceries,-20.99
ChasePersonalCredit,,6/2/19,,SQ *OZFEKA CATERING,Groceries,-11
ChasePersonalCredit,,6/3/19,,WHOLEFDS RES x0061,Groceries,-11.47
ChasePersonalCredit,,6/6/19,,HARRIS TEETER 0081,Groceries,-14.4
ChasePersonalCredit,,6/9/19,,SQ *BLUE RIDGE DAIRY CO.,Groceries,-11
ChasePersonalCredit,,6/9/19,,WHOLEFDS RES x0061,Groceries,-32.15
ChasePersonalCredit,,6/9/19,,HARRIS TEETER 0081,Groceries,-55.34
ChasePersonalCredit,,6/9/19,,SQ *WANDA CATLETT GOSQ.CO,Groceries,-14.35
ChasePersonalCredit,,6/16/19,,HARRIS TEETER 0081,Groceries,-95.19
ChasePersonalCredit,,6/16/19,Farmers veggies,SQ *MT OLYMPUS BERR,Groceries,-11.78
ChasePersonalCredit,,6/16/19,,SQ *GLASCOCK'S PRODUCE  L,Groceries,-3.5
ChasePersonalCredit,,6/17/19,,MOMS ORGANIC HERNDON,Groceries,-19.52
ChasePersonalCredit,,6/18/19,,HARRIS TEETER 0081,Groceries,-38.76
ChasePersonalCredit,,6/21/19,tea,AMZN Mktp US*M65MP7DU0,Groceries,-33.45
ChasePersonalCredit,,6/23/19,,HARRIS TEETER 0081,Groceries,-40.63
ChasePersonalCredit,,6/23/19,,SQ *DANO'S GRANOLA  LLC,Groceries,-25.44
ChasePersonalCredit,,6/27/19,,SQ *ELDEN STREET TEA SHOP,Groceries,-5.3
ChasePersonalCredit,,6/28/19,,HARRIS TEETER 0081,Groceries,-21.08
ChasePersonalCredit,,7/1/19,,SQ *BOB'S ROASTED NUTS  L,Groceries,-8.67
ChasePersonalCredit,,7/3/19,,IN *PINEY RIVER RANCH LLC,Groceries,-20.29
ChasePersonalCredit,,7/4/19,,HARRIS TEETER 0081,Groceries,-62.88
ChasePersonalCredit,,7/5/19,,TRADER JOE'S #646 QPS,Groceries,-43.59
ChasePersonalCredit,,7/7/19,,SQ *PENN FARM/NORMA'S PRO,Groceries,-5
ChasePersonalCredit,,7/7/19,,SQ *GWYN WHITAKER,Groceries,-8.19
ChasePersonalCredit,,7/7/19,,HARRIS TEETER 0081,Groceries,-3.58
ChasePersonalCredit,,7/7/19,,SQ *DANO'S GRANOLA  LLC,Groceries,-12.72
ChasePersonalCredit,,7/7/19,,SQ *BLUE RIDGE DAIRY CO.,Groceries,-7.5
ChasePersonalCredit,,7/9/19,,TRADER JOE'S #646 QPS,Groceries,-12.26
ChasePersonalCredit,,7/10/19,,HARRIS TEETER 0081,Groceries,-39.89
ChasePersonalCredit,,7/14/19,,HARRIS TEETER 0081,Groceries,-30.6
ChasePersonalCredit,,7/14/19,,SQ *GWYN WHITAKER,Groceries,-8.19
ChasePersonalCredit,,7/14/19,,SQ *SPRING VALLEY FARM,Groceries,-9.4
ChasePersonalCredit,,7/14/19,,SQ *DANO'S GRANOLA  LLC,Groceries,-12.72
ChasePersonalCredit,,7/15/19,,HARRIS TEETER 0081,Groceries,-21.69
ChasePersonalCredit,,7/16/19,,HARRIS TEETER 0081,Groceries,-37.62
ChasePersonalCredit,,7/17/19,,HARRIS TEETER 0081,Groceries,-6.78
ChasePersonalCredit,,7/21/19,,TOIGO ORCHARDS,Groceries,-6
ChasePersonalCredit,,7/21/19,,SQ *SHENANDOAH SEASONAL,Groceries,-15.75
ChasePersonalCredit,,7/21/19,,HARRIS TEETER 0081,Groceries,-13.59
ChasePersonalCredit,,7/21/19,,SQ *DANO'S GRANOLA  LLC,Groceries,-25.44
ChasePersonalCredit,,7/22/19,,TRADER JOE'S #646 QPS,Groceries,-45.02
ChasePersonalCredit,,7/23/19,,HARRIS TEETER 0081,Groceries,-97.75
ChasePersonalCredit,,7/23/19,,WHOLEFDS RES x0061,Groceries,-5.63
ChasePersonalCredit,,7/23/19,Rice from Amazon,Amazon.com*MA2PP7ZC2,Groceries,-22.29
ChasePersonalCredit,,7/23/19,,WHOLEFDS RES x0061,Groceries,0.57
ChasePersonalCredit,,7/26/19,,HARRIS TEETER 0081,Groceries,-6.15
ChasePersonalCredit,,7/28/19,,TRADER JOE'S #646 QPS,Groceries,-66.83
ChasePersonalCredit,,7/28/19,,SQ *DANO'S GRANOLA  LLC,Groceries,-25.44
ChasePersonalCredit,,7/29/19,,HARRIS TEETER 0081,Groceries,-5.06
ChasePersonalCredit,,8/4/19,,HARRIS TEETER 0081,Groceries,-65.73
ChasePersonalCredit,,8/5/19,,MOMS ORGANIC HERNDON,Groceries,-46.8
PersonalChecking,,8/9/19,,DEPOSIT@MOBILE,Groceries,9.2
ChasePersonalCredit,,8/9/19,,HARRIS TEETER 0081,Groceries,-6.15
ChasePersonalCredit,,8/11/19,,TRADER JOE'S #646 QPS,Groceries,-41.25
ChasePersonalCredit,,8/18/19,,SQ *SHENANDOAH SEASONAL,Groceries,-13
ChasePersonalCredit,,8/18/19,,SQ *DANO'S GRANOLA  LLC,Groceries,-12.72
ChasePersonalCredit,,8/18/19,,TRADER JOE'S #646 QPS,Groceries,-35.11
ChasePersonalCredit,,8/18/19,,HARRIS TEETER 0081,Groceries,-12.14
ChasePersonalCredit,,8/23/19,,HARRIS TEETER 0081,Groceries,-38.49
ChasePersonalCredit,,8/25/19,,TRADER JOE'S #646 QPS,Groceries,-22.9
ChasePersonalCredit,,8/25/19,,SQ *SPRING VALLEY FARM,Groceries,-4.5
ChasePersonalCredit,,8/25/19,,SQ *78 ACRES  LLC,Groceries,-7
ChasePersonalCredit,,8/26/19,TARGET xxxx0884 Bug Spray,TARGET xxxx0884,Groceries,-19.48
ChasePersonalCredit,,8/27/19,,HARRIS TEETER 0081,Groceries,-22.18
ChasePersonalCredit,,9/1/19,,HARRIS TEETER 0081,Groceries,-49.64
ChasePersonalCredit,,9/1/19,,HARRIS TEETER 0081,Groceries,-1.4
ChasePersonalCredit,,9/2/19,,TRADER JOE'S #646 QPS,Groceries,-16.97
ChasePersonalCredit,,9/3/19,,HARRIS TEETER 0081,Groceries,-4.93
ChasePersonalCredit,,9/23/19,,HARRIS TEETER 0081,Groceries,-27.82
PersonalChecking,,9/24/19,,DEPOSIT@MOBILE,Groceries,144.35
ChasePersonalCredit,,9/25/19,,TRADER JOE'S #646 QPS,Groceries,-40.51
ChasePersonalCredit,,9/29/19,,HARRIS TEETER 0081,Groceries,-29.24
ChasePersonalCredit,,9/30/19,,TRADER JOE'S #646 QPS,Groceries,-76.25
ChasePersonalCredit,,10/4/19,,HARRIS TEETER 0081,Groceries,-21.96
ChasePersonalCredit,,10/6/19,,SQ *POTOMAC VEGETABLE FAR,Groceries,-4
ChasePersonalCredit,,10/7/19,,TRADER JOE'S #646 QPS,Groceries,-74.78
ChasePersonalCredit,,10/11/19,,HARRIS TEETER 0081,Groceries,-20.93
ChasePersonalCredit,,10/14/19,Amazon.com*TY2NT3M53 rice,Amazon.com*TY2NT3M53,Groceries,-24.54
ChasePersonalCredit,,10/16/19,,HARRIS TEETER 0081,Groceries,-13.28
ChasePersonalCredit,,10/20/19,,SQ *WANDA CATLETT GOSQ.CO,Groceries,-5.89
ChasePersonalCredit,,10/20/19,,SQ *78 ACRES  LLC,Groceries,-13
ChasePersonalCredit,,10/20/19,,TRADER JOE'S #646 QPS,Groceries,-49.78
ChasePersonalCredit,,10/22/19,,TRADER JOE'S #646 QPS,Groceries,-11.94
ChasePersonalCredit,,10/24/19,,TRADER JOE'S #646 QPS,Groceries,-9.17
ChasePersonalCredit,,10/25/19,,HARRIS TEETER 0081,Groceries,-3.88
ChasePersonalCredit,,10/25/19,,SQ *FRIENDS OF RESTON REG,Groceries,-8.5
ChasePersonalCredit,,10/29/19,,ROYAL FARMS 030 Q79,Groceries,-18.6
ChasePersonalCredit,,10/29/19,,HARRIS TEETER 0081,Groceries,-27.09
ChasePersonalCredit,,4/2/19,GET REIMBURSHomeopathic medicines qual4HSA,MOMS ORGANIC HERNDON,Healthcare/Medical,-36.96
ChasePersonalCredit,,4/12/19,GET REIMBURSED NO VA CNTR FOR ARTHRITIS,NO VA CNTR FOR ARTHRITIS,Healthcare/Medical,-30
ChasePersonalCredit,,4/28/19,,MY DOCTORS PHARMACY,Healthcare/Medical,-138.07
ChasePersonalCredit,,5/12/19,MY DOCTORS PHARMACY Supplements,MY DOCTORS PHARMACY,Healthcare/Medical,-113.37
ChasePersonalCredit,,6/16/19,,MY DOCTORS PHARMACY,Healthcare/Medical,-59.53
ChasePersonalCredit,,2/17/19,,PAYPAL *FLUTESOCIET,Hobbies,-20
ChasePersonalCredit,,2/17/19,,PP*FLUTESOCIETY,Hobbies,-20
ChasePersonalCredit,,6/9/19,,MICHAELS STORES 9563,Hobbies,-3.18
ChasePersonalCredit,,10/6/19,JANICE'S TABLE french table runner,JANICE'S TABLE,Home Improvement,-90
ChasePersonalCredit,,10/14/19,MICHAELS STORES 9563 picture frames,MICHAELS STORES 9563,Home Improvement,-25.42
ChasePersonalCredit,,10/20/19,,DESIGNS INTERIORS BY THE,Home Improvement,-260
ChasePersonalCredit,,1/4/19,,BODIES IN MOTION PT REST,HSA Funding and Reimb,-30
ChasePersonalCredit,,1/17/19,,BODIES IN MOTION PT REST,HSA Funding and Reimb,-114.95
ChasePersonalCredit,,1/21/19,THE EYEWEAR GALLERY exam,THE EYEWEAR GALLERY,HSA Funding and Reimb,-70
ChasePersonalCredit,,1/22/19,,TYSON SMILES,HSA Funding and Reimb,-182
ChasePersonalCredit,,1/24/19,dry eye treatment,THE EYEWEAR GALLERY,HSA Funding and Reimb,-350
ChasePersonalCredit,,1/28/19,,Larmour Chiropractic,HSA Funding and Reimb,-115
ChasePersonalCredit,,2/19/19,,TYSON SMILES,HSA Funding and Reimb,-115.8
ChasePersonalCredit,,2/22/19,,TYSON SMILES,HSA Funding and Reimb,-851.45
PersonalChecking,,3/5/19,,FID BKG SVC LLC  MONEYLINE  ***********W78L,HSA Funding and Reimb,2959.47
PersonalChecking,,3/12/19,,FID BKG SVC LLC  MONEYLINE  ***********S77A,HSA Funding and Reimb,-450
ChasePersonalCredit,,5/13/19,,MOMS ORGANIC HERNDON,HSA Funding and Reimb,-9.4
ChasePersonalCredit,,7/7/19,PHR*FairfaxColon&RectalSu - HSAREIMBURSE,PHR*FairfaxColon&amp;RectalSu,HSA Funding and Reimb,-30
ChasePersonalCredit,,8/4/19,,RXWELLNESS SPINE &amp; HEALTH,HSA Funding and Reimb,-708
ChasePersonalCredit,,8/15/19,,THE EYEWEAR GALLERY,HSA Funding and Reimb,-22
ChasePersonalCredit,,8/18/19,,EXAGEN DIAGNOSTICS INC,HSA Funding and Reimb,-45
ChasePersonalCredit,,9/27/19,,NEUROLOGY CENTER OF FAIRF,HSA Funding and Reimb,-30
ChasePersonalCredit,,10/8/19,,TYSON SMILES,HSA Funding and Reimb,-148.85
ChasePersonalCredit,,1/23/19,,USAA INSURANCE PYMT,Insurance,-76.32
ChasePersonalCredit,,2/21/19,,USAA INSURANCE PYMT,Insurance,-76.32
PersonalChecking,,3/11/19,Annual USAA rebate dep by mstk to Joint,USAA FUNDS TRANSFER CR,Insurance,22.3
ChasePersonalCredit,,3/21/19,,USAA INSURANCE PYMT,Insurance,-76.36
ChasePersonalCredit,,4/23/19,,USAA INSURANCE PYMT,Insurance,-76.25
ChasePersonalCredit,,5/21/19,,USAA INSURANCE PYMT,Insurance,-76.33
ChasePersonalCredit,,6/21/19,,USAA INSURANCE PYMT,Insurance,-78.46
ChasePersonalCredit,,7/23/19,,USAA INSURANCE PYMT,Insurance,-78.46
ChasePersonalCredit,,8/21/19,,USAA INSURANCE PYMT,Insurance,-78.46
ChasePersonalCredit,,9/22/19,,USAA INSURANCE PYMT,Insurance,-78.48
ChasePersonalCredit,,10/22/19,,USAA INSURANCE PYMT,Insurance,-78.46
PersonalSavings,,1/15/19,,INTEREST PAID,Interest,0.03
JointSaving,,1/15/19,,INTEREST PAID,Interest,0.01
PersonalChecking,,1/16/19,,INTEREST PAID,Interest,0.27
JointChecking,,1/28/19,,INTEREST PAID,Interest,0.07
PersonalChecking,,2/14/19,,INTEREST PAID,Interest,0.25
PersonalSavings,,2/15/19,,INTEREST PAID,Interest,0.03
JointSaving,,2/15/19,,INTEREST PAID,Interest,0.01
JointChecking,,2/25/19,,INTEREST PAID,Interest,0.06
JointSaving,,3/15/19,,INTEREST PAID,Interest,0.01
PersonalSavings,,3/15/19,,INTEREST PAID~~00000~~~~00000~~0~~~~GT41,Interest,0.03
PersonalChecking,,3/18/19,,INTEREST PAID,Interest,0.29
JointChecking,,3/26/19,,INTEREST PAID~~00000~~~~00000~~0~~~~GT41,Interest,0.06
JointSaving,,4/15/19, ,INTEREST PAID~~00000~~~~00000~~0~~~~GT41,Interest,0.01
PersonalSavings,,4/15/19, ,INTEREST PAID~~00000~~~~00000~~0~~~~GT41,Interest,0.03
PersonalChecking,,4/16/19,,INTEREST PAID,Interest,0.29
JointChecking,,4/25/19,,INTEREST PAID,Interest,0.06
JointSaving,,5/15/19, ,INTEREST PAID~~00000~~~~00000~~0~~~~GT41,Interest,0.01
PersonalSavings,,5/15/19, ,INTEREST PAID~~00000~~~~00000~~0~~~~GT41,Interest,0.03
PersonalChecking,,5/16/19,,INTEREST PAID,Interest,0.29
JointChecking,,5/28/19, ,INTEREST PAID~~00000~~~~00000~~0~~~~GT41,Interest,0.06
JointSaving,,6/14/19, ,INTEREST PAID~~00000~~~~00000~~0~~~~GT41,Interest,0.01
PersonalSavings,,6/14/19, ,INTEREST PAID~~00000~~~~00000~~0~~~~GT41,Interest,0.03
PersonalChecking,,6/17/19,,INTEREST PAID,Interest,0.33
JointChecking,,6/25/19, ,INTEREST PAID~~00000~~~~00000~~0~~~~GT41,Interest,0.05
JointSaving,,7/15/19, , INTEREST PAID~~00000~~~~00000~~0~~~~GT41,Interest,0.01
PersonalSavings,,7/15/19, , INTEREST PAID~~00000~~~~00000~~0~~~~GT41,Interest,0.03
PersonalChecking,,7/16/19,,INTEREST PAID,Interest,0.3
ChasePersonalCredit,,7/17/19,,CASH ADVANCE INTEREST CHA,Interest,-1.06
JointChecking,,7/26/19, , INTEREST PAID~~00000~~~~00000~~0~~~~GT41,Interest,0.06
JointSaving,,8/15/19, , INTEREST PAID~~00000~~~~00000~~0~~~~GT41,Interest,0.01
PersonalSavings,,8/15/19, , INTEREST PAID~~00000~~~~00000~~0~~~~GT41,Interest,0.03
PersonalChecking,,8/16/19,,INTEREST PAID,Interest,0.33
ChasePersonalCredit,,8/16/19,,CASH ADVANCE INTEREST CHA,Interest,-21.37
JointChecking,,8/27/19, , INTEREST PAID~~00000~~~~00000~~0~~~~GT41,Interest,0.04
JointSaving,,9/13/19, , INTEREST PAID~~00000~~~~00000~~0~~~~GT41,Interest,0.01
PersonalSavings,,9/13/19, , INTEREST PAID~~00000~~~~00000~~0~~~~GT41,Interest,0.03
PersonalChecking,,9/17/19,,INTEREST PAID,Interest,0.35
JointChecking,,9/25/19, , INTEREST PAID~~00000~~~~00000~~0~~~~GT41,Interest,0.03
JointSaving,,10/15/19, , INTEREST PAID~~00000~~~~00000~~0~~~~GT41,Interest,0.01
PersonalSavings,,10/15/19, , INTEREST PAID~~00000~~~~00000~~0~~~~GT41,Interest,0.03
PersonalChecking,,10/17/19,,INTEREST PAID,Interest,0.32
JointChecking,,10/28/19, , INTEREST PAID~~00000~~~~00000~~0~~~~GT41,Interest,0.03
BusinessSparkVisa,,1/4/19,,HAIKUDECK.COM SOFTWARE,Online Services,-119.88
ChasePersonalCredit,,1/13/19,iCloud Storage,APL*ITUNES.COM/BILL,Online Services,-2.99
BusinessSparkVisa,,1/16/19,Zoom,ZOOM.US,Online Services,-14.99
ChasePersonalCredit,,1/25/19,Netflix Basic,APL* ITUNES.COM/BILL,Online Services,-7.99
BusinessChecking,,1/28/19,,GOOGLE  DOMAINS,Online Services,-5
ChasePersonalCredit,,1/29/19,,Spotify USA,Online Services,-9.99
ChasePersonalCredit,,1/29/19,Udemy,APL*ITUNES.COM/BILL,Online Services,-11.99
ChasePersonalCredit,,2/13/19,iCloud Storage,APL*ITUNES.COM/BILL,Online Services,-2.99
BusinessSparkVisa,,2/16/19,Zoom,ZOOM.US,Online Services,-14.99
BusinessSparkVisa,,2/25/19,,HAIKUDECK.COM SOFTWARE,Online Services,119.88
ChasePersonalCredit,,2/26/19,Netflix,APL* ITUNES.COM/BILL,Online Services,-7.99
BusinessChecking,,2/27/19,,GOOGLE  DOMAINS,Online Services,-12
BusinessChecking,,2/28/19,,GOOGLE  DOMAINS,Online Services,-4.86
ChasePersonalCredit,,3/1/19,,Spotify USA,Online Services,-9.99
ChasePersonalCredit,,3/13/19,Matter 3d Add,APL*ITUNES.COM/BILL,Online Services,-4.99
ChasePersonalCredit,,3/13/19,iCloud Storage,APL*ITUNES.COM/BILL,Online Services,-2.99
ChasePersonalCredit,,3/22/19,Netflix,APL*ITUNES.COM/BILL,Online Services,-7.99
BusinessChecking,,3/28/19,,GOOGLE  DOMAINS,Online Services,-5
ChasePersonalCredit,,3/29/19,,Spotify USA,Online Services,-9.99
ChasePersonalCredit,,4/14/19,iCloud Storage,APL* ITUNES.COM/BILL,Online Services,-2.99
BusinessSparkVisa,,4/16/19,Zoom,ZOOM.US,Online Services,-14.99
ChasePersonalCredit,,4/26/19,Netflix,APL* ITUNES.COM/BILL,Online Services,-7.99
BusinessChecking,,4/29/19,,Debit Card Purchase GOOGLE DOMAINS G CO HELPPAY CA,Online Services,-5
ChasePersonalCredit,,4/29/19,,Spotify USA,Online Services,-9.99
ChasePersonalCredit,,5/12/19,iCloud Storage,APL* ITUNES.COM/BILL,Online Services,-2.99
BusinessSparkVisa,,5/16/19,Zoom,ZOOM.US,Online Services,-14.99
ChasePersonalCredit,,5/26/19,Netflix,APL* ITUNES.COM/BILL,Online Services,-7.99
BusinessChecking,,5/28/19,,Debit Card Purchase GOOGLE DOMAINS G CO HELPPAY CA,Online Services,-6
ChasePersonalCredit,,5/29/19,,Spotify USA,Online Services,-9.99
ChasePersonalCredit,,6/12/19,iCloud Storage,APL* ITUNES.COM/BILL,Online Services,-2.99
BusinessSparkVisa,,6/17/19,Zoom,ZOOM.US,Online Services,-14.99
PersonalChecking,,6/17/19,,VENMO            VERIFYBAN  ***********8944,Online Services,-0.29
PersonalChecking,,6/17/19,,VENMO            VERIFYBAN  ***********8943,Online Services,-0.24
PersonalChecking,,6/17/19,,VENMO            VERIFYBAN  ***********8942,Online Services,0.29
ChasePersonalCredit,,6/26/19,Netflix,APL* ITUNES.COM/BILL,Online Services,-7.99
BusinessChecking,,6/28/19,,GOOGLE  DOMAINS,Online Services,-6
ChasePersonalCredit,,6/30/19,,Spotify USA,Online Services,-9.99
ChasePersonalCredit,,7/12/19,iCloud Storage,APL* ITUNES.COM/BILL,Online Services,-2.99
BusinessSparkVisa,,7/16/19,Zoom,ZOOM.US,Online Services,-14.99
ChasePersonalCredit,,7/23/19,Netflix,APL* ITUNES.COM/BILL,Online Services,-7.99
BusinessChecking,,7/29/19,,GOOGLE DOMAINS,Online Services,-6
ChasePersonalCredit,,7/29/19,,Spotify USA,Online Services,-9.99
ChasePersonalCredit,,8/12/19,iCloud Storage,APL* ITUNES.COM/BILL,Online Services,-2.99
ChasePersonalCredit,,8/15/19,,MICROSOFT *OFFICE 365,Online Services,-69.99
BusinessSparkVisa,,8/16/19,Zoom,ZOOM.US,Online Services,-14.99
ChasePersonalCredit,,8/22/19,Netflix,APL*ITUNES.COM/BILL,Online Services,-8.99
BusinessChecking,,8/28/19, ,GOOGLE DOMAINS,Online Services,-6
ChasePersonalCredit,,9/1/19,UNITED ANNUAL MEMBERSHIP FEE,ANNUAL MEMBERSHIP FEE,Online Services,-95
ChasePersonalCredit,,9/10/19,,WWW.NORDVPN.COM,Online Services,-79
ChasePersonalCredit,,9/12/19,iCloud Storage,APL* ITUNES.COM/BILL,Online Services,-2.99
BusinessSparkVisa,,9/16/19,Zoom,ZOOM.US,Online Services,-14.99
ChasePersonalCredit,,9/26/19,Netflix,APL* ITUNES.COM/BILL,Online Services,-8.99
ChasePersonalCredit,,9/29/19,,Spotify USA,Online Services,-9.99
BusinessChecking,,9/30/19, , GOOGLE  DOMAINS,Online Services,-6
ChasePersonalCredit,,10/13/19,,APL*ITUNES.COM/BILL,Online Services,-2.99
BusinessSparkVisa,,10/16/19,,ZOOM.US,Online Services,-14.99
ChasePersonalCredit,,10/21/19,,MHZCHOICE,Online Services,-7.99
BusinessSparkVisa,,10/22/19,,Squarespace,Online Services,-6
ChasePersonalCredit,,10/27/19,,APL*ITUNES.COM/BILL,Online Services,-8.99
ChasePersonalCredit,,10/27/19,,Dropbox*87JCT8G3H99P,Online Services,-119.88
BusinessChecking,,10/28/19,,GOOGLE  DOMAINS,Online Services,-6
ChasePersonalCredit,,10/29/19,,Spotify USA,Online Services,-9.99
BusinessChecking,,5/1/19,,ACH Withdrawal CAPITAL ONE CRCARDPMT ANDREA ...0637,Other Business Expenses,-9662.54
ChasePersonalCredit,,5/15/19,,FRENCHPRESSBAKERYANDCA,Dining,-9.56
ChasePersonalCredit,,5/26/19,,SQ *SHENANDOAH SEASONAL,Groceries,-9
ChasePersonalCredit,,8/15/19,,PAYPAL *SINGLEMOMMA,Other Expenses,-8.35
ChasePersonalCredit,,8/16/19,key postage,USPS PO xxxxxx0193,Other Expenses,-3.36
ChasePersonalCredit,,8/25/19,,SQ *ASQ SOLUTIONS LLC,Other Expenses,-8.48
ChasePersonalCredit,,10/7/19,,FREEPRINTS,Hobbies,-12.46
PaypalManual,,1/1/19,,Leanpub Royalty,Other Income,6
PaypalManual,,1/2/19,,Leanpub Royalty,Other Income,14.03
PersonalChecking,,6/17/19,,VENMO            VERIFYBAN  ***********8941,Other Income,0.24
ChasePersonalCredit,,1/1/19,,EZPASSVA AUTO REPLENISH,Other Transportation,-35
ChasePersonalCredit,,3/7/19,,EZPASSVA AUTO REPLENISH,Other Transportation,-35
ChasePersonalCredit,,4/21/19,,EZPASSVA AUTO REPLENISH,Other Transportation,-35
ChasePersonalCredit,,5/13/19,,EZPASSVA AUTO REPLENISH,Other Transportation,-35
ChasePersonalCredit,,5/14/19,,EZPASSVA AUTO REPLENISH,Other Transportation,-35
ChasePersonalCredit,,5/21/19,,EZPASSVA AUTO REPLENISH,Other Transportation,-35
ChasePersonalCredit,,8/5/19,,EZPASSVA AUTO REPLENISH,Other Transportation,-35
ChasePersonalCredit,,9/2/19,,EZPASSVA AUTO REPLENISH,Other Transportation,-35
ChasePersonalCredit,,10/14/19,,EZPASSVA AUTO REPLENISH,Other Transportation,-35
ChasePersonalCredit,,2/12/19,,PARKMOBILE,Parking,-2.75
ChasePersonalCredit,,4/7/19,TENABLE WORK  PARKING567517,COLONIAL PARKING#567/517,Parking,-12
ChasePersonalCredit,,4/7/19,,PARKMOBILE,Parking,-1.32
ChasePersonalCredit,,5/23/19,IAD DULLES HOURLY 57 ToF,IAD DULLES HOURLY 57,Parking,-12
ChasePersonalCredit,,10/15/19,,PARKMOBILE,Parking,-5.05
ChasePersonalCredit,,10/16/19,COLONIAL PARKING work trip Tysons,COLONIAL PARKING#567/517,Parking,-12
PersonalChecking,,1/9/19,,DEPOSIT@MOBILE,Paychecks/Salary,4357.52
PersonalChecking,,1/18/19,,TENABLE  INC     DIRECT DEP ***********5RUH,Paychecks/Salary,2757.72
PersonalChecking,,2/6/19,,TENABLE  INC     DIRECT DEP ***********5RUH,Paychecks/Salary,2821.4
PersonalChecking,,2/21/19,,TENABLE  INC     DIRECT DEP ***********9RUH,Paychecks/Salary,3504.28
PersonalChecking,,2/21/19,,TENABLE  INC     DIRECT DEP ***********0RUH,Paychecks/Salary,469.98
PersonalChecking,,3/6/19,,TENABLE  INC     DIRECT DEP ***********5RUH,Paychecks/Salary,2821.41
PersonalChecking,,3/22/19,,TENABLE  INC     DIRECT DEP ***********0RUH,Paychecks/Salary,2821.41
PersonalChecking,,4/4/19,,TENABLE  INC     DIRECT DEP ***********8RUH,Paychecks/Salary,2821.42
PersonalChecking,,4/22/19,,TENABLE  INC     DIRECT DEP ***********7RUH,Paychecks/Salary,2821.41
PersonalChecking,,5/6/19,,TENABLE  INC     DIRECT DEP ***********8RUH,Paychecks/Salary,2821.41
PersonalChecking,,5/21/19,,TENABLE  INC     DIRECT DEP ***********0RUH,Paychecks/Salary,2821.41
PersonalChecking,,5/21/19,,TENABLE  INC     DIRECT DEP ***********1RUH,Paychecks/Salary,1552.99
PersonalChecking,,6/6/19,,TENABLE  INC     DIRECT DEP ***********4RUH,Paychecks/Salary,2821.42
PersonalChecking,,6/20/19,,TENABLE  INC     DIRECT DEP ***********3RUH,Paychecks/Salary,2821.41
PersonalChecking,,7/3/19,,TENABLE  INC     DIRECT DEP ***********9RUH,Paychecks/Salary,2821.41
PersonalChecking,,7/19/19,,TENABLE  INC     DIRECT DEP ***********8RUH,Paychecks/Salary,2821.42
PersonalChecking,,8/6/19,,TENABLE  INC     DIRECT DEP ***********4RUH,Paychecks/Salary,2825
PersonalChecking,,8/22/19,,TENABLE  INC     DIRECT DEP ***********0RUH,Paychecks/Salary,2824.99
PersonalChecking,,8/22/19,,TENABLE  INC     DIRECT DEP ***********1RUH,Paychecks/Salary,1434.06
PersonalChecking,,9/5/19,,TENABLE  INC     DIRECT DEP ***********8RUH,Paychecks/Salary,2825
PersonalChecking,,9/20/19,,TENABLE  INC     DIRECT DEP ***********7RUH,Paychecks/Salary,2825.01
PersonalChecking,,10/4/19,,TENABLE  INC     DIRECT DEP ***********2RUH,Paychecks/Salary,2824.99
PersonalChecking,,10/21/19,,TENABLE  INC     DIRECT DEP ***********2RUH,Paychecks/Salary,2825
ChasePersonalCredit,,12/31/18,,PRIYA ESTHETICS INC,Personal Care,-9.2
ChasePersonalCredit,,1/7/19,foundation,MACYS FAIR OAKS,Personal Care,-28.09
ChasePersonalCredit,,1/13/19,haircut,SQ *TOP STYLE BY KATE NOD,Personal Care,-69
ChasePersonalCredit,,2/24/19,,PRIYA ESTHETICS INC,Personal Care,-9.5
ChasePersonalCredit,,2/24/19,CVS eye drops,CVS/PHARMACY #x1961,Personal Care,-6.29
ChasePersonalCredit,,2/24/19,,SQ *TOP STYLE BY KATE NOD,Personal Care,-69
ChasePersonalCredit,,3/25/19,HSA dental floss bulAMZN Mktp US*MW7O77XW1,AMZN Mktp US*MW7O77XW1,Personal Care,-33.19
ChasePersonalCredit,,4/14/19,hair cutTOP STYLE BY KATE NOD,SQ *TOP STYLE BY KATE NOD,Personal Care,-69
ChasePersonalCredit,,5/6/19,,PRIYA ESTHETICS INC,Personal Care,-10
ChasePersonalCredit,,5/12/19,SQ *TOP STYLE BY KATE NOD Haircut,SQ *TOP STYLE BY KATE NOD,Personal Care,-69
ChasePersonalCredit,,6/24/19,haircut,SQ *TOP STYLE BY KATE NOD,Personal Care,-69
ChasePersonalCredit,,6/26/19,foot warming heating pad,AMZN Mktp US*M61PH0IQ2,Personal Care,-34.99
ChasePersonalCredit,,6/26/19,,PRIYA ESTHETICS INC,Personal Care,-10
ChasePersonalCredit,,7/1/19,,THE SEBASTIAN VAIL SPA,Personal Care,-142.8
ChasePersonalCredit,,8/2/19,,PRIYA ESTHETICS INC,Personal Care,-10
ChasePersonalCredit,,8/16/19,conditioner,Amazon.com*MA48I2SP0,Personal Care,-23.6
ChasePersonalCredit,,8/18/19,,CROSSFIT NORTH RESTON,Personal Care,-400
ChasePersonalCredit,,8/26/19,,SEPHORA 624,Personal Care,-63.51
ChasePersonalCredit,,9/24/19,Deoderant AMZN Mktp USHU6SW8W93,AMZN Mktp US*HU6SW8W93,Personal Care,-15.85
ChasePersonalCredit,,10/14/19,,PRIYA ESTHETICS INC,Personal Care,-10
JointChecking,,4/29/19,,PETSMART # 1650          RESTON       VA,Pets/Pet Care,-62
JointChecking,,5/20/19, ,CLIFTON CENTREVILLE ANIMC703-830-8844 VA~~08888~~459954******4846~~74612~~0~~~~0079,Pets/Pet Care,-81.04
JointChecking,,5/28/19, ,PENDER VETERINARY CENT   FAIRFAX      VA~~08888~~459954******4846~~19147~~0~~~~0079,Pets/Pet Care,-226.83
JointChecking,,7/9/19, , PENDER PET RETREAT       CHANTILLY    VA~~08888~~459954******4846~~33196~~0~~~~0079,Pets/Pet Care,-53
JointChecking,,7/10/19, , PETSMART # 1650          RESTON       VA~~08888~~459954******4846~~26171~~0~~~~0079,Pets/Pet Care,-87.96
JointChecking,,7/26/19, , PETSMART # 1650          RESTON       VA~~08888~~459954******4846~~39394~~0~~~~0079,Pets/Pet Care,-54
JointChecking,,8/15/19, , ANIMAL MEDICAL CENTER OFALOS ANGELES  CA~~08888~~459954******4846~~20346~~0~~~~0079,Pets/Pet Care,-185.44
JointChecking,,10/17/19, , PENDER VETERINARY CENT   FAIRFAX      VA~~08888~~459954******4846~~49610~~0~~~~0079,Pets/Pet Care,-298.42
JointChecking,,10/17/19, , PETCO 539     63505390   SANTA MONICA CA~~08888~~459954******4846~~49607~~0~~~~0079,Pets/Pet Care,-43
ChasePersonalCredit,,2/4/19,,FEDEX xxxxxxxx7291,Postage and Shipping,-2.64
PersonalChecking,,1/9/19,,CHECK # 0000001073,Rent,-2358.22
PersonalChecking,,2/7/19,,CHECK # 0000001074,Rent,-2371.57
PersonalChecking,,3/5/19,,CHECK # 0000001075,Rent,-2369.28
PersonalChecking,,4/8/19,,CHECK # 0000001080,Rent,-2374.45
PersonalChecking,,5/7/19,CHECK # 0000001082 RENT Harrison,CHECK # 0000001082,Rent,-1371.47
PersonalChecking,,6/6/19,,CHECK # 0000001083,Rent,-2369.88
PersonalChecking,,7/8/19,,CHECK # 0000001084,Rent,-2351
PersonalChecking,,8/7/19,,CHECK # 0000001085,Rent,-2390.05
PersonalChecking,,9/6/19,,CHECK # 0000001063,Rent,-2380
PersonalChecking,,10/7/19,,CHECK # 0000001088,Rent,-2402.66
ChasePersonalCredit,,1/7/19,,TST* LAKEN ANNE COFFEE HO,Restaurants/Dining,-8.25
ChasePersonalCredit,,1/8/19,lunch with Eric ,SISTERS THAI,Restaurants/Dining,-39.2
ChasePersonalCredit,,1/9/19,,STARBUCKS,Restaurants/Dining,-10
ChasePersonalCredit,,1/10/19,,STARBUCKS,Restaurants/Dining,-30
ChasePersonalCredit,,1/14/19,,TST* LAKEN ANNE COFFEE HO,Restaurants/Dining,-4.5
ChasePersonalCredit,,1/14/19,,TST* LAKEN ANNE COFFEE HO,Restaurants/Dining,-4.5
ChasePersonalCredit,,2/18/19,SHERATON lunch at flute convention,SHERATON RESTAURANT,Restaurants/Dining,-14.78
ChasePersonalCredit,,3/3/19,,STARBUCKS,Restaurants/Dining,-30
ChasePersonalCredit,,3/5/19,,TST* LAKEN ANNE COFFEE HO,Restaurants/Dining,-3.5
ChasePersonalCredit,,3/12/19,,TST* LAKEN ANNE COFFEE HO,Restaurants/Dining,-2.75
ChasePersonalCredit,,3/13/19,,SQ *GREENFARE ORGANIC CAF,Restaurants/Dining,-20
ChasePersonalCredit,,3/21/19,,WEWORK,Restaurants/Dining,-6.72
ChasePersonalCredit,,3/24/19,,KREATION ORGANIC  INC,Restaurants/Dining,-17.2
ChasePersonalCredit,,3/25/19,,KLATCH COFFEE,Restaurants/Dining,-16.91
ChasePersonalCredit,,3/25/19,,KLATCH COFFEE,Restaurants/Dining,-1.1
ChasePersonalCredit,,3/29/19,,UPTOWN CAFE,Restaurants/Dining,-8.14
ChasePersonalCredit,,4/16/19,dinner w Eric KALYPSOS TAVERN,KALYPSOS SPORTS TAVERN,Restaurants/Dining,-80
ChasePersonalCredit,,4/22/19,,CAFE MONTMARTRE,Restaurants/Dining,-8.37
ChasePersonalCredit,,4/23/19,CAFE MONTMARTRE,CAFE MONTMARTRE,Restaurants/Dining,-25.74
ChasePersonalCredit,,4/28/19,,TST* BEAN BAR,Restaurants/Dining,-9.58
ChasePersonalCredit,,5/5/19,,BALDUCCI'S,Restaurants/Dining,-5.5
ChasePersonalCredit,,5/5/19,,TST* LAKEN ANNE COFFEE HO,Restaurants/Dining,-28
ChasePersonalCredit,,5/12/19,,CAFE MONTMARTRE,Restaurants/Dining,-7.37
ChasePersonalCredit,,5/28/19,elenaToFMe * CHAIA TACOS - GEORGE,TST* CHAIA TACOS - GEORGE,Restaurants/Dining,-67.85
ChasePersonalCredit,,5/28/19,AFTERWORDS CAFE coffee,AFTERWORDS CAFE,Restaurants/Dining,-9
ChasePersonalCredit,,5/28/19,BALDUCCI'S oil and icecream,BALDUCCI'S,Restaurants/Dining,-16.98
ChasePersonalCredit,,6/9/19,dinner with Christophe,SQ *GREENFARE ORGANIC CAF,Restaurants/Dining,-58.89
ChasePersonalCredit,,6/10/19,tea with Christophe plus real tea,SQ *ELDEN STREET TEA SHOP,Restaurants/Dining,-42.17
ChasePersonalCredit,,6/12/19,,TST* LAKEN ANNE COFFEE HO,Restaurants/Dining,-6
PersonalChecking,,6/17/19,Eric reimbursing me,VENMO            CASHOUT    ***********9673,Restaurants/Dining,40
ChasePersonalCredit,,6/28/19,,SUBWAY xxxx8776,Restaurants/Dining,-6.79
ChasePersonalCredit,,6/28/19,,SQ *BIG BEAR BISTRO,Restaurants/Dining,-9.67
ChasePersonalCredit,,6/28/19,,BISTRO ATELIER,Restaurants/Dining,-17.89
ChasePersonalCredit,,6/30/19,,TST* BOL VAIL,Restaurants/Dining,-35
ChasePersonalCredit,,6/30/19,,RMCF - VAIL,Restaurants/Dining,-4.28
ChasePersonalCredit,,7/1/19,,DELIZIOSO,Restaurants/Dining,-19.16
ChasePersonalCredit,,7/1/19,,THE SEBASTIAN,Restaurants/Dining,-30.1
ChasePersonalCredit,,7/2/19,,DELIZIOSO,Restaurants/Dining,-9
ChasePersonalCredit,,7/3/19,,DELIZIOSO,Restaurants/Dining,-22.15
ChasePersonalCredit,,7/4/19,,CAVA GRILL RESTON,Restaurants/Dining,-10.46
PersonalChecking,,7/8/19,Christie Repay for dinner,USAA FUNDS TRANSFER DB,Restaurants/Dining,-45
ChasePersonalCredit,,7/8/19,EGGSPECTATION RESTAURANT with C,EGGSPECTATION RESTAURANT,Restaurants/Dining,-44.18
ChasePersonalCredit,,7/9/19,,CAVA GRILL RESTON,Restaurants/Dining,-10.46
ChasePersonalCredit,,7/12/19,,NYA JOE'S #30,Restaurants/Dining,-22.2
ChasePersonalCredit,,7/12/19,,NYA JOE'S #30,Restaurants/Dining,-0.27
ChasePersonalCredit,,7/24/19,,MON AMI RESTON,Restaurants/Dining,-44.58
ChasePersonalCredit,,7/29/19,,MON AMI RESTON,Restaurants/Dining,-8.62
ChasePersonalCredit,,8/12/19,,CAVA GRILL RESTON,Restaurants/Dining,-10.46
ChasePersonalCredit,,8/15/19,,CAVA GRILL RESTON,Restaurants/Dining,-10.46
ChasePersonalCredit,,8/18/19,,CAVA GRILL RESTON,Restaurants/Dining,-10.46
ChasePersonalCredit,,8/19/19,,SQ *WEIRD BROTHERS COFFEE,Restaurants/Dining,-3.29
ChasePersonalCredit,,8/22/19,,CAVA GRILL RESTON,Restaurants/Dining,-10.46
ChasePersonalCredit,,8/25/19,ENATYE ETHIOPIAN REST Elena BDay,ENATYE ETHIOPIAN REST,Restaurants/Dining,-36.14
ChasePersonalCredit,,8/25/19,,CAVA MEZZE GRILL VIENNA,Restaurants/Dining,-10.76
ChasePersonalCredit,,8/27/19,,LEVELUP*CAVAxxxxx2243,Restaurants/Dining,-10.46
ChasePersonalCredit,,9/1/19,,LEVELUP*CAVAxxxxx9992,Restaurants/Dining,-10.46
ChasePersonalCredit,,9/8/19,2019 EUROTRIP MARQUETTE,MARQUETTE,Restaurants/Dining,-2.43
ChasePersonalCredit,,9/8/19,2019 EUROTRIP  STARBUCKS SSP,STARBUCKS SSP,Restaurants/Dining,-10.89
ChasePersonalCredit,,9/8/19,2019 EUROTRIP  SumUp *Yong Lu,SumUp *Yong Lu,Restaurants/Dining,-27.64
ChasePersonalCredit,,9/10/19,2019 EUROTRIP  PARADIS DU FRUITxxx2566,PARADIS DU FRUITxxx2566,Restaurants/Dining,-35.75
PersonalChecking,,9/16/19,2019 EUROTRIP YO SUSHI VICTORIA,YO SUSHI                 VICTORIA,Restaurants/Dining,-52.25
ChasePersonalCredit,,9/23/19,2019 EUROTRIP  STARBUCKS,STARBUCKS,Restaurants/Dining,-18.81
ChasePersonalCredit,,9/23/19,2019 EUROTRIP  PRET A MANGER,PRET A MANGER,Restaurants/Dining,-24.45
ChasePersonalCredit,,9/24/19,,CAVA GRILL RESTON,Restaurants/Dining,-10.46
ChasePersonalCredit,,9/26/19,,CAVA GRILL RESTON,Restaurants/Dining,-10.46
ChasePersonalCredit,,9/27/19,,TEDS BULLETIN,Restaurants/Dining,-11.97
ChasePersonalCredit,,9/29/19,,CAVA GRILL RESTON,Restaurants/Dining,-10.46
ChasePersonalCredit,,10/4/19,,LEVELUPCAVAxxxxx3543,Restaurants/Dining,-11.51
ChasePersonalCredit,,10/8/19,,LEVELUPCAVAxxxxx3269,Restaurants/Dining,-2.46
ChasePersonalCredit,,10/14/19,,LEVELUPCAVAxxxxx3811,Restaurants/Dining,-10.46
ChasePersonalCredit,,10/27/19,,EVOLUTION CRAFT BREWERY,Restaurants/Dining,-21.17
ChasePersonalCredit,,10/27/19,,ETTAS FAMILY RESTAURANT,Restaurants/Dining,-20.65
ChasePersonalCredit,,10/29/19,,LEVELUPCAVAxxxxx1112,Restaurants/Dining,-10.46
BusinessChecking,,4/17/19,VANGUARD BUY - IRA Purchase,ACH Withdrawal VANGUARD BUY INVESTMENT ANDREA M CHIOU ...1925,Retirement Contributions,-777.77
BusinessChecking,,5/17/19,,ACH Withdrawal VANGUARD BUY INVESTMENT ANDREA M CHIOU ...1925,Retirement Contributions,-777.84
PersonalChecking,,2/19/19,,DEPOSIT@MOBILE,Rewards,26.24
ChasePersonalCredit,,7/30/19,annual chase credit card  fee ugh,Amazon Prime,Service Charges/Fees,-119
ChasePersonalCredit,,7/30/19,,FCPL LIBRARY WEB,Service Charges/Fees,-1
JointChecking,,10/8/19, , COUNTY OF FFX    PP PREPAY  ***********0706~~08888~~~~25984~~0~~~~0065,Tax - Honda,-331.39
ChasePersonalCredit,,1/18/19,,H&amp;R BLOCK TAX SOFTWARE,Taxes,-68.85
ChasePersonalCredit,,3/26/19,,H&amp;R BLOCK TAX SOFTWARE,Taxes,-21.15
PersonalChecking,,3/29/19,,IRS  TREAS 310     TAX REF  ***********0908,Taxes,1107
PersonalChecking,,4/24/19,VA DEPT TAXATION 2018 refund,VA DEPT TAXATION VASTTAXRFD ***********5973,Taxes,526.09
PersonalChecking,,9/30/19,IRS Refund,DEPOSIT@MOBILE,Taxes,110
ChasePersonalCredit,,1/8/19,,TMOBILE*AUTO PAY,Telephone Services,-80
ChasePersonalCredit,,2/8/19,,TMOBILE*AUTO PAY,Telephone Services,-83.24
ChasePersonalCredit,,3/8/19,,TMOBILE*AUTO PAY,Telephone Services,-80
ChasePersonalCredit,,4/8/19,,TMOBILE*AUTO PAY,Telephone Services,-80
ChasePersonalCredit,,5/8/19,,TMOBILE*AUTO PAY,Telephone Services,-80
ChasePersonalCredit,,6/9/19,,TMOBILE*AUTO PAY,Telephone Services,-80
ChasePersonalCredit,,7/8/19,,TMOBILE*AUTO PAY,Telephone Services,-80
ChasePersonalCredit,,8/8/19,,TMOBILE*AUTO PAY,Telephone Services,-80
ChasePersonalCredit,,9/8/19,,TMOBILE*AUTO PAY,Telephone Services,-80
ChasePersonalCredit,,10/8/19,,TMOBILE*AUTO PAY,Telephone Services,-80.55
ChasePersonalCredit,,1/25/19,,PAYPAL *NOSETONOSE,Training,-188.81
ChasePersonalCredit,,5/9/19,DEVELOPING COMPANY - JAMES AND PENNYONLINE,DEVELOPING COMPANY,Training,-197
BusinessSparkVisa,,5/30/19,,INNERFRENCH,Training,-110.63
ChasePersonalCredit,,6/2/19,CLEAN LEARNING coding class ,CLEAN LEARNING,Training,-75.87
ChasePersonalCredit,,6/16/19,metaphorum,PAYPAL *JUDYREES,Training,-26.27
ChasePersonalCredit,,7/16/19,TRANSACTION FEE for TRAINING,TRANSACTION FEE,Training,-22.85
ChasePersonalCredit,,7/16/19,Transferwise APRICOT ISLAND SYSTEMIC L2,TransferwiseCom_USD,Training,-456.93
BusinessChecking,,8/9/19, 2019 EUROTRIP DevelDays for ToF and Me, Paid Check,Training,-300
ChasePersonalCredit,,8/12/19,,PAYPAL *NOSETONOSE,Training,-603.12
BusinessChecking,,8/20/19, 2019 EUROTRIP TRANSFERWISE Nose to Nose, TRANSFERWISE INC,Training,-397.2
JointChecking,,1/7/19,,DEPOSIT@MOBILE,Transfers,22.14
BusinessChecking,,1/9/19,,VANGUARD BUY,Transfers,-6500
BusinessChecking,,2/12/19,,ALLY BANK,Transfers,-25000
JointSaving,,3/11/19,,USAA FUNDS TRANSFER DB,Transfers,-22.3
PersonalChecking,,4/15/19,,FID BKG SVC LLC  MONEYLINE  ***********5E5P,Transfers,-900
PersonalChecking,,6/11/19,deposit remainder of HSA 2019,FID BKG SVC LLC  MONEYLINE  ***********1GOP,Transfers,-3150
BusinessChecking,,6/17/19,,VANGUARD BUY,Transfers,-777.84
PersonalChecking,,6/17/19,,PENTAGON FEDERAL TRNSFR CR  000002324612015,Transfers,660.62
BusinessChecking,,7/17/19,,VANGUARD BUY,Transfers,-777.84
BusinessChecking,,8/19/19, ,VANGUARD BUY,Transfers,-777.84
BusinessChecking,,9/17/19, , VANGUARD BUY,Transfers,-777.84
PersonalChecking,,10/7/19,,APPLE CASH               877-233-8552 CA,Transfers,-10
BusinessChecking,,10/17/19,,VANGUARD BUY,Transfers,-777.84
ChasePersonalCredit,,3/17/19,,ALEXANDRIA PARKING METERS,Travel,-1.5
ChasePersonalCredit,,3/20/19,,BEACH/POF LOT PARKING,Travel,-2
BusinessSparkVisa,,4/22/19,Airbnb WEDDING,Airbnb,Travel,-108.51
ChasePersonalCredit,,5/29/19,METRO 118-WIEHLE-RESTON DC ToF Day,METRO 118-WIEHLE-RESTON E,Travel,-20
BusinessSparkVisa,,6/13/19,,Airbnb,Travel,-108.5
ChasePersonalCredit,,6/25/19,,CME ONLINE,Travel,-72
ChasePersonalCredit,,6/25/19,,CME ONLINE,Travel,-64
ChasePersonalCredit,,6/27/19,,LYFT *RIDE WED 10AM,Travel,-22.69
ChasePersonalCredit,,6/27/19,,CME ONLINE,Travel,12
ChasePersonalCredit,,6/30/19,,LYFT *RIDE FRI 9AM,Travel,-16.16
ChasePersonalCredit,,7/3/19,,LYFT *RIDE TUE 1AM,Travel,-18.58
ChasePersonalCredit,,7/3/19,,THE SEBASTIAN VAIL,Travel,-447.42
ChasePersonalCredit,,7/8/19,,SALAMANDER RESORT F&amp;B,Travel,-44.5
ChasePersonalCredit,,7/21/19,Flight to Florence,TRANSACTION FEE,Travel,-25.64
ChasePersonalCredit,,7/21/19,Reimb Tof for flight pau to Florence,TransferwiseCom_USD,Travel,-512.8
ChasePersonalCredit,,7/22/19,,UNITED xxxxxxxxx1070,Travel,-606.31
ChasePersonalCredit,,7/22/19,TRANSAVIAFR DUB to PARIS,TRANSAVIAFR NFUPRH,Travel,-117.19
ChasePersonalCredit,,8/11/19,,BRITISH AWYSxxxxxxxxx4156,Travel,-405.8
ChasePersonalCredit,,8/11/19,,BRITISH AWYSxxxxxxxxx4155,Travel,-405.8
PersonalChecking,,9/3/19,2019 EUROTRIP CASH IAD withdrawal,CAPITAL ONEDULLES INTERNASTERLING     VA,Travel,-103
ChasePersonalCredit,,9/8/19,2019 EUROTRIP  MME DE STAMPA F.,MME DE STAMPA F.,Travel,-26.54
ChasePersonalCredit,,9/8/19,,THE GIBSON HOTEL RECEPTIO,Travel,-709.83
ChasePersonalCredit,,9/9/19,2019 EUROTRIP  RATP,RATP,Travel,-11.39
ChasePersonalCredit,,9/9/19,2019 EUROTRIP  RELAYxx3881PX xxx0220,RELAYxx3881PX xxx0220,Travel,-5.97
ChasePersonalCredit,,9/9/19,2019 EUROTRIP SumUp Naje,SumUp *Naje,Travel,-14.15
ChasePersonalCredit,,9/9/19,2019 EUROTRIP  LE BUS DIRECT,LE BUS DIRECT,Travel,-26.54
ChasePersonalCredit,,9/10/19,2019 EUROTRIP  TAXI PLEASE,TAXI PLEASE,Travel,-47.6
ChasePersonalCredit,,9/16/19,2019 EUROTRIP TFL TRAVEL CH,TFL TRAVEL CH,Travel,-1.88
PersonalChecking,,9/17/19,,ATM SURCHARGE REBATE,Travel,3
ChasePersonalCredit,,9/20/19,2019 EUROTRIP  TRAINLINE,TRAINLINE,Travel,-33.17
ChasePersonalCredit,,9/22/19,2019 EUROTRIP  TFL TRAVEL CH,TFL TRAVEL CH,Travel,-1.89
ChasePersonalCredit,,9/23/19,2019 EUROTRIP  TFL TRAVEL CH,TFL TRAVEL CH,Travel,-8.81
ChasePersonalCredit,,9/23/19,2019 EUROTRIP  TFL TRAVEL CH,TFL TRAVEL CH,Travel,-3.9
PersonalChecking,,7/1/19,Elena repayment for hotel,DEPOSIT@MOBILE,Travel - Lodging,22.5
BusinessSparkVisa,,8/12/19, , Airbnb,Travel - Lodging,-223.84
PersonalChecking,,9/3/19,2019 EUROTRIP Alzaia PAYPAL Bootcamp 16fee,PAYPAL           INST XFER  *********** LLC,Travel - Lodging,-400.17
ChasePersonalCredit,,9/17/19,2019 EUROTRIP  CASH ADVANCE INTEREST CHA,CASH ADVANCE INTEREST CHA,Travel - Lodging,-0.52
ChasePersonalCredit,,8/4/19,LYFT *RIDE SAT 7AM CAITLIN,LYFT *RIDE SAT 7AM,Uber,-13.94
ChasePersonalCredit,,8/5/19,LYFT *RIDE SUN 8AM CAITLIN,LYFT *RIDE SUN 8AM,Uber,-9.19
ChasePersonalCredit,,8/6/19,LYFT *RIDE SUN 12PM CAITLIN,LYFT *RIDE SUN 12PM,Uber,-11.05
PersonalChecking,,2/5/19,,Dominion Energy Virginia ONLINE PMT******3POS,Utilities,-48.77
PersonalChecking,,2/5/19,,DOMINION ENGY VA ONLINE PMT ***********3POS,Utilities,-48.77
PersonalChecking,,3/5/19,,DOMINION ENGY VA ONLINE PMT ***********3POS,Utilities,-70.8
PersonalChecking,,4/3/19,,DOMINION VA POWE ONLINE PMT ***********5NEG,Utilities,-56.19
PersonalChecking,,5/6/19,,DOMINION VA POWE ONLINE PMT ***********9NEG,Utilities,-41.61
PersonalChecking,,6/7/19,,DOMINION VA POWE ONLINE PMT ***********1NEG,Utilities,-52.64
PersonalChecking,,6/25/19,,DOMINION VA POWE ONLINE PMT ***********4NEG,Utilities,-35.96
PersonalChecking,,7/9/19,,DOM ENERGYVA     UTILITY    ***********6177,Utilities,-16.65
PersonalChecking,,8/14/19,,DOM ENERGYVA     UTILITY    ***********8543,Utilities,-34.14
PersonalChecking,,9/6/19,,DOM ENERGYVA     UTILITY    ***********4071,Utilities,-52.19
PersonalChecking,,10/21/19,,DOM ENERGYVA     UTILITY    ***********8868,Utilities,-101.65
BusinessChecking,,11/29/2019,,DOMAINS,Online Services,-6
BusinessChecking,,11/22/2019,,TRANSFERWISE INC,Business Miscellaneous,-3700.37
BusinessChecking,,11/21/2019,,CAPITAL ONE,Credit Card Payments,-443.09
BusinessChecking,,11/18/2019,,VANGUARD BUY,Transfers,-777.84
BusinessChecking,,11/12/2019,,Paypal,Business Income,1000
BusinessChecking,,11/04/2019,,Paypal,Business Income,1000
BusinessSparkVisa,,11/22/2019,,Squarespace,Online Services,-222
BusinessSparkVisa,,11/21/2019,,CAPITAL ONE AUTOPAY PYMT AuthDate 26-O ct,Credit Card Payments,443.09
BusinessSparkVisa,,11/16/2019,,ZOOM.US,Online Services,-14.99
BusinessSparkVisa,,11/07/2019,,Squarespace,Online Services,-20
JointChecking,,11/25/2019, , INTEREST PAID~~00000~~~~00000~~0~~~~GT41,Interest,0.02
JointChecking,,11/20/2019, , PENDER PET RETREAT       703-631-9590 VA~~08888~~459954******4846~~10716~~0~~~~0079,Pets/Pet Care,-515.50
JointSaving,,11/15/2019, , INTEREST PAID~~00000~~~~00000~~0~~~~GT41,Interest,0.01
PersonalSavings,,11/15/2019, , INTEREST PAID~~00000~~~~00000~~0~~~~GT41,Interest,0.03
PersonalChecking,,11/21/2019,,CHECK # 0000001093,Rent,-23.95
PersonalChecking,,11/21/2019,,TENABLE  INC     DIRECT DEP ***********7RUH,Paychecks/Salary,2825
PersonalChecking,,11/21/2019,,TENABLE  INC     DIRECT DEP ***********8RUH,Paychecks/Salary,2313.32
PersonalChecking,,11/15/2019,,INTEREST PAID,Interest,0.25
PersonalChecking,,11/15/2019,,CHASE CREDIT CRD AUTOPAY    ***********7769,Credit Card Payments,-2606.03
PersonalChecking,,11/07/2019,,CHECK # 0000001092,Rent,-2401
PersonalChecking,,11/06/2019,,TENABLE  INC     DIRECT DEP ***********8RUH,Paychecks/Salary,2825.01
ChasePersonalCredit,,11/29/2019,,COOPERS HAWK RESTON LLC,Restaurants/Dining,-46.5
ChasePersonalCredit,,11/29/2019,,Spotify USA,Online Services,-9.99
ChasePersonalCredit,,11/29/2019,,MON AMI RESTON,Restaurants/Dining,-108.9
ChasePersonalCredit,,11/28/2019,,HARRIS TEETER 0081,Groceries,-25.94
ChasePersonalCredit,,11/26/2019,,APPLE.COM/BILL,Online Services,-8.99
ChasePersonalCredit,,11/25/2019,,EARTHINGCOM,Other Expenses,-199
ChasePersonalCredit,,11/25/2019,,TRADER JOE'S #646 QPS,Groceries,-38.71
ChasePersonalCredit,,11/24/2019,,HARRIS TEETER 0081,Groceries,-24.87
ChasePersonalCredit,,11/24/2019,,LEVELUPCAVAxxxxx3545,Restaurants/Dining,-10.46
ChasePersonalCredit,,11/21/2019,,MHZCHOICE,Online Services,-7.99
ChasePersonalCredit,,11/21/2019,,SPROUTS FARMERS MAR,Groceries,-14.6
ChasePersonalCredit,,11/21/2019,,SPROUTS FARMERS MAR,Groceries,-19.27
ChasePersonalCredit,,11/21/2019,,USAA INSURANCE PYMT,Insurance,-78.46
ChasePersonalCredit,,11/20/2019,,SHELL OIL xxxxxxx6707,Gasoline/Fuel,-10.05
ChasePersonalCredit,,11/20/2019,,PRIME CLEANERS,Clothing/Shoes,-8.45
ChasePersonalCredit,,11/19/2019,,BUDGET RENT-A-CAR,Christie - Assistance,-304.84
ChasePersonalCredit,,11/19/2019,,BAGGAGE CART OF AMERICA,Christie - Assistance,-4
ChasePersonalCredit,,11/18/2019,,SQ *PROPHETIC VISION,Healthcare/Medical,-6
ChasePersonalCredit,,11/18/2019,,DALLAS ARBORETUM,Entertainment,-27
ChasePersonalCredit,,11/17/2019,DOLLAR TREE Drawing Stuff,DOLLAR TREE,Christie - Assistance,-3.25
ChasePersonalCredit,,11/17/2019,,TRADER JOE'S #401 QPS,Groceries,-32.2
ChasePersonalCredit,,11/17/2019,,TRADER JOE'S #403 QPS,Groceries,-30.34
ChasePersonalCredit,,11/15/2019,,SPROUTS FARMERS MAR,Groceries,-19.69
ChasePersonalCredit,,11/14/2019,,METRO 118-WIEHLE-RESTON E,Christie - Assistance,-10
ChasePersonalCredit,,11/14/2019,,PECAN LODGE BBQ,Restaurants/Dining,-37.64
ChasePersonalCredit,,11/14/2019,,CVS/PHARMACY #x6776,Christie - Assistance,-25.94
ChasePersonalCredit,,11/14/2019,,RESERVOIR,Restaurants/Dining,-16.64
ChasePersonalCredit,,11/14/2019,,AUTOMATIC PAYMENT - THANK,Credit Card Payments,2606.03
ChasePersonalCredit,,11/13/2019,,LYFT *RIDE TUE 8AM,Christie - Assistance,-13.7
ChasePersonalCredit,,11/13/2019,AMZN Digital: Earthing Book,AMZN Digital*SJ8EZ3BO3,Entertainment,-9.99
ChasePersonalCredit,,11/13/2019,,TRADER JOE'S #403 QPS,Christie - Assistance,-73.69
ChasePersonalCredit,,11/12/2019,,APPLE.COM/BILL,Online Services,-2.99
ChasePersonalCredit,,11/12/2019,,TRADER JOE'S #646 QPS,Groceries,-5.09
ChasePersonalCredit,,11/12/2019,Kindle Svcs* You Are Not Human,Kindle Svcs*A35WL5UO3,Books related to work,-9.99
ChasePersonalCredit,,11/11/2019,Marian Training DOORDASH*CAFESANO,DOORDASH*CAFESANO,Dining,-69.48
ChasePersonalCredit,,11/11/2019,,NYA JOE'S #30,Restaurants/Dining,-26
ChasePersonalCredit,,11/10/2019,Marian Training DOORDASH*CAFESANO,DOORDASH*CAFESANO,Restaurants/Dining,-112.8
ChasePersonalCredit,,11/10/2019,,LEVELUPCAVAxxxxx9300,Restaurants/Dining,-10.46
ChasePersonalCredit,,11/10/2019,,EXXONMOBIL xxxx1969,Gasoline/Fuel,-29.38
ChasePersonalCredit,,11/08/2019,,TMOBILE*AUTO PAY,Telephone Services,-80
ChasePersonalCredit,,11/08/2019,,SQ *TOP STYLE BY KATE NOD,Personal Care,-69
ChasePersonalCredit,,11/08/2019,,HARRIS TEETER 0081,Groceries,-39.47
ChasePersonalCredit,,11/08/2019,,RESTON`S USED BOOK SHOP,Books related to work,-4.24
ChasePersonalCredit,,11/06/2019,,IAD DULLES HOURLY 54,Business Miscellaneous,-6
ChasePersonalCredit,,11/06/2019,,AMZN Mktp US*1I4AY82M3,General Merchandise,-32.28
ChasePersonalCredit,,11/06/2019,,LEVELUPCAVAxxxxx0628,Restaurants/Dining,-10.46
ChasePersonalCredit,,11/06/2019,,AMZN Mktp US*2Y3Vx2363,General Merchandise,-45.18
ChasePersonalCredit,,11/05/2019,,BED BATH &amp; BEYOND #65,General Merchandise,-21.15
ChasePersonalCredit,,11/05/2019,,NEUROLOGY CENTER OF FAIRF,HSA Funding and Reimb,-30
ChasePersonalCredit,,11/04/2019,,HARRIS TEETER 0081,Groceries,-42.54
ChasePersonalCredit,,11/04/2019,,NEW YORK TIMES DIGITAL,Dues and Subscriptions,-12.5
ChasePersonalCredit,,11/04/2019,,TRADER JOE'S #646 QPS,Groceries,-48.76
ChasePersonalCredit,,11/03/2019,,TOIGO ORCHARDS,Groceries,-4
ChasePersonalCredit,,11/03/2019,,COMCAST,Cable/Satellite Services,-73.77
ChasePersonalCredit,,11/03/2019,,SQ *100 BOWLS OF SOUP,Restaurants/Dining,-111.67
ChasePersonalCredit,,11/03/2019,,APPLE.COM/BILL,Electronics,-44.99
ChasePersonalCredit,,11/03/2019,,HARRIS TEETER 0081,Groceries,-9.53
ChasePersonalCredit,,11/01/2019,,TST* ROBEKS - x16 - RESTO,Restaurants/Dining,-7.41
ChasePersonalCredit,,11/01/2019,,WETA TV &amp; FM,Dues and Subscriptions,-5
BusinessChecking,,12/30/2019, , GOOGLE DOMAINS,Online Services,-6.00
BusinessChecking,,12/23/2019, , CAPITAL ONE,Credit Card Payments,-679.08
BusinessChecking,,12/17/2019, , VANGUARD BUY,Transfers,-777.35
BusinessChecking,,12/04/2019, State Corporation Commission, Paid Check,Business Miscellaneous,-50.00
BusinessChecking,,12/03/2019, , Paid Check,Training,-100.00
BusinessSparkVisa,,12/23/2019, , Squarespace,Online Services,-6.00
BusinessSparkVisa,,12/21/2019, , CAPITAL ONE AUTOPAY PYMT AuthDate 25-N ov,Credit Card Payments,679.08
BusinessSparkVisa,,12/16/2019, , ZOOM.US,Online Services,-14.99
JointChecking,,12/31/19,,AMZN Mktp US*AF6AA0GP3   AMZN.COM/BILLWA     ,Pets/Pet Care,-93.02
JointChecking,,12/26/19, , INTEREST PAID~~00000~~~~00000~~0~~~~GT41,Interest,0.02
JointChecking,,12/24/19, , AMIR REHMAN MD           MCLEAN       VA~~08888~~459954******4846~~04848~~0~~~~0079,Christie - Assistance,-200
JointChecking,,12/24/19, , WALGREENS #10712         FAIRFAX      VA~~08888~~459954******4846~~04851~~0~~~~0079,Christie - Assistance,-93.14
JointChecking,,12/23/19, , PENDER VETERINARY CENT   FAIRFAX      VA~~08888~~459954******4846~~58902~~0~~~~0079,Pets/Pet Care,-149.93
JointChecking,,12/19/19, , SAFEWAY #4001            FAIRFAX      VA~~08888~~459954******4846~~50196~~0~~~~0079,Christie - Assistance,-18.11
JointChecking,,12/18/19, , WALGREENS #10712         FAIRFAX      VA~~08888~~459954******4846~~79075~~0~~~~0079,Christie - Assistance,-24.2
JointChecking,,12/13/19, , AMIR REHMAN MD           MCLEAN       VA~~08888~~459954******4846~~51240~~0~~~~0079,Christie - Assistance,-200
JointChecking,,12/10/19, , COSTCO GAS #0204         FAIRFAX      VA~~08888~~459954******4846~~88341~~0~~~~0079,Christie - Assistance,-38.64
JointSaving,,12/13/2019, , INTEREST PAID~~00000~~~~00000~~0~~~~GT41,Interest,0.01
PersonalSavings,,12/13/2019, , INTEREST PAID~~00000~~~~00000~~0~~~~GT41,Interest,0.03
PersonalChecking,,12/26/2019, , USAA FUNDS TRANSFER DB~~03045~~~~01520~~0~~2349740511~~0302,Gifts,-150.00
PersonalChecking,,12/26/2019, , USAA FUNDS TRANSFER DB~~03045~~~~01519~~0~~2349738635~~0302,Gifts,-150.00
PersonalChecking,,12/23/2019, , TENABLE NETWORK  DIRECT-PAY ***********3892~~08888~~~~53742~~0~~~~0032,Expense Reimbursement,259.04
PersonalChecking,,12/19/2019, ," TENABLE, INC     DIRECT DEP ***********5RUH~~08888~~~~13746~~0~~~~0032",Paychecks/Salary,3909.93
PersonalChecking,,12/17/2019, , INTEREST PAID~~00000~~~~00000~~0~~~~GT41,Interest,0.28
PersonalChecking,,12/16/2019, , CHASE CREDIT CRD AUTOPAY    ***********5599~~08888~~~~78514~~0~~~~0065,Credit Card Payments,-8029.66
PersonalChecking,,12/10/2019, , USAA AUTODIV     P&C        ***********8232~~08888~~~~60623~~0~~~~0032,Transfers,28.03
PersonalChecking,,12/06/2019, , DOM ENERGYVA     UTILITY    ***********2726~~08888~~~~76351~~0~~~~0065,Utilities,-43.38
PersonalChecking,,12/05/2019, , CHECK # 0000001095~~00808~~~~62621~~3~~~~0057,Rent,-2420.08
PersonalChecking,,12/05/2019, ," TENABLE, INC     DIRECT DEP ***********7RUH~~08888~~~~13176~~0~~~~0032",Paychecks/Salary,3172.58
ChasePersonalCredit,,12/31/2019, , SQ *100 BOWLS OF SOUP,Groceries,-102.50
ChasePersonalCredit,,12/31/2019, , AMZN Mktp US*GEx2432F3,Personal Care,-2.17
ChasePersonalCredit,,12/30/2019, , TRADER JOE'S #646 QPS,Groceries,-92.40
ChasePersonalCredit,,12/30/2019, , CAVA GRILL RESTON,Groceries,-10.78
ChasePersonalCredit,,12/30/2019, , NEW YORK TIMES DIGITAL,Dues and Subscriptions,-12.50
ChasePersonalCredit,,12/30/2019, , CONTAINERSTORERESTONVA,General Merchandise,-39.21
ChasePersonalCredit,,12/30/2019, , CONTAINERSTORERESTONVA,General Merchandise,-8.72
ChasePersonalCredit,,12/29/2019, , Spotify USA,Online Services,-9.99
ChasePersonalCredit,,12/29/2019, , SUNOCO xxxxxx9901,Gasoline/Fuel,-30.48
ChasePersonalCredit,,12/29/2019, hand lotion, AVEDA EC#902,Personal Care,-6.88
ChasePersonalCredit,,12/29/2019, Himalayan tock salt lamp, AMZN Mktp US*A32YI7O83,General Merchandise,-31.79
ChasePersonalCredit,,12/29/2019, Epsom salts, AMZN Mktp US*II4TL41L3,Personal Care,-31.79
ChasePersonalCredit,,12/29/2019, gift for Martha Chris and Ben ," SQ *TEA MANSION, INC",Gifts,-20.48
ChasePersonalCredit,,12/29/2019, Indian foot massage balls with spikes, AMZN Mktp US*KZ81H0863,General Merchandise,-4.57
ChasePersonalCredit,,12/27/2019, imperial white tea leaves, AMZN Mktp US*X41PQ0TB3,Groceries,-15.36
ChasePersonalCredit,,12/27/2019, , PAPER SOURCE INC RESTO,Gifts,49.67
ChasePersonalCredit,,12/27/2019, , CALVERT REJUVENATIONS,Personal Care,-22.00
ChasePersonalCredit,,12/27/2019, , ATHLETA US 4866,Clothing/Shoes,-94.34
ChasePersonalCredit,,12/27/2019, , CVS/PHARMACY #x0361,Groceries,-6.35
ChasePersonalCredit,,12/27/2019, , TARGET xxxx0884,Gifts,106.00
ChasePersonalCredit,,12/26/2019, , BALDUCCI'S,Groceries,-60.74
ChasePersonalCredit,,12/26/2019, , APPLE.COM/BILL,Online Services,-8.99
ChasePersonalCredit,,12/25/2019, journal and brush pens, PAPER SOURCE INC RESTO,Gifts,-87.73
ChasePersonalCredit,,12/25/2019, French novel, RESTON`S USED BOOK SHOP,Books related to work,-7.95
ChasePersonalCredit,,12/25/2019, , TARGET xxxx0884,Groceries,-26.94
ChasePersonalCredit,,12/25/2019, , HARRIS TEETER 0081,Groceries,-29.39
ChasePersonalCredit,,12/25/2019, failed attempt for Eric home decorating, TARGET xxxx0884,Gifts,-106.00
ChasePersonalCredit,,12/25/2019, Noticing Exercise book, SQ *SCRAWL BOOKS,Books related to work,-24.33
ChasePersonalCredit,,12/23/2019, tea with Christie, SQ *ELDEN STREET TEA SHOP,Restaurants/Dining,-11.94
ChasePersonalCredit,,12/23/2019, , TRADER JOE'S #646 QPS,Christie - Assistance,-28.47
ChasePersonalCredit,,12/22/2019, shampoo and conditioner and hand lotion, AVEDA.COM,Personal Care,-134.09
ChasePersonalCredit,,12/22/2019, , MHZCHOICE,Online Services,-7.99
ChasePersonalCredit,,12/22/2019, , HARRIS TEETER 0081,Groceries,-17.91
ChasePersonalCredit,,12/22/2019, , USAA INSURANCE PYMT,Insurance,-78.46
ChasePersonalCredit,,12/20/2019, hand made chocolate for Christie, SQ *RIVER-SEA CHOCOLATES,Groceries,-6.99
ChasePersonalCredit,,12/20/2019, , CAVA GRILL RESTON,Restaurants/Dining,-10.78
ChasePersonalCredit,,12/20/2019, , HARRIS TEETER 0081,Groceries,-41.96
ChasePersonalCredit,,12/20/2019, , INNERFRENCH,Training,-166.06
ChasePersonalCredit,,12/18/2019, , TYSON SMILES,HSA Funding and Reimb,-152.00
ChasePersonalCredit,,12/16/2019, , LEANPUB,Books related to work,-8.99
ChasePersonalCredit,,12/15/2019, , TRADER JOE'S #646 QPS,Groceries,-68.52
ChasePersonalCredit,,12/15/2019, , CAVA GRILL RESTON,Groceries,-10.46
ChasePersonalCredit,,12/15/2019, , PRIYA ESTHETICS INC,Personal Care,-10.00
ChasePersonalCredit,,12/13/2019, , AUTOMATIC PAYMENT - THANK,Credit Card Payments,8029.66
ChasePersonalCredit,,12/12/2019, , APPLE.COM/BILL,Online Services,-2.99
ChasePersonalCredit,,12/11/2019, , SHELL OIL xxxxxxx1103,Gasoline/Fuel,-25.55
ChasePersonalCredit,,12/11/2019, , PINNACLE FAMILY PRACTICE,HSA Funding and Reimb,-116.22
ChasePersonalCredit,,12/11/2019, , HARRIS TEETER 0081,Groceries,-5.06
ChasePersonalCredit,,12/09/2019, , HARRIS TEETER 0081,Groceries,-38.76
ChasePersonalCredit,,12/08/2019, , TRADER JOE'S #646 QPS,Groceries,-48.16
ChasePersonalCredit,,12/08/2019, , TMOBILE*AUTO PAY,Telephone Services,-80.00
ChasePersonalCredit,,12/08/2019, , TST* LAKEN ANNE COFFEE HO,Restaurants/Dining,-5.00
ChasePersonalCredit,,12/08/2019, , TRADER JOE'S #646 QPS,Christie - Assistance,-20.22
ChasePersonalCredit,,12/06/2019, , VILLAGE HEALTH WORKS,Charitable Giving,-26.78
ChasePersonalCredit,,12/06/2019, , CARLSON WAG xxxxxxxxx1661,Expense Reimbursement,-7.00
ChasePersonalCredit,,12/06/2019, , UNITED xxxxxxxxx1661,Expense Reimbursement,-252.04
ChasePersonalCredit,,12/05/2019, , LEVELUPCAVAxxxxx9700,Groceries,-10.46
ChasePersonalCredit,,12/05/2019, , HARRIS TEETER 0081,Groceries,-11.54
ChasePersonalCredit,,12/04/2019, , Audible US*AE3SR8WR3,Online Services,-14.95
ChasePersonalCredit,,12/04/2019, , AMZN Mktp US*3S9LS3QE3,General Merchandise,-41.59
ChasePersonalCredit,,12/04/2019, , TYSON SMILES,HSA Funding and Reimb,-860.25
ChasePersonalCredit,,12/03/2019, , STARBUCKS,Restaurants/Dining,-10.00
ChasePersonalCredit,,12/03/2019, , COMCAST,Cable/Satellite Services,-73.77
ChasePersonalCredit,,12/02/2019, , NEW YORK TIMES DIGITAL,Dues and Subscriptions,-12.50
ChasePersonalCredit,,12/01/2019, , TRADER JOE'S #646 QPS,Christie - Assistance,-23.48
ChasePersonalCredit,,12/01/2019, , WETA TV & FM,Dues and Subscriptions,-5.00
ChasePersonalCredit,,12/01/2019, , AMZN Mktp UK*M65I89NX5,General Merchandise,-26.97
